slot_name,entity_type,item
J02/RackSlot9,cardboardbox01_v02D,cpu
J02/RackSlot11,cardboardbox05_v01,cpu
J02/RackSlot13,cardboardbox05_v01,cpu
J02/RackSlot12,cardboardbox01_v02D,pipes
J02/RackSlot23,cardboardbox01_v02D,cpu
J02/RackSlot2,cardboardbox01_v01,cpu
J02/RackSlot16,cardboardbox01_v02D,cpu
J02/RackSlot21,cardboardbox01_v02D,cpu
J02/RackSlot15,cardboardbox01_v01,gpu
J02/RackSlot4,cardboardbox01_v02D,pipes
J02/RackSlot10,cardboardbox05_v01,cpu
J02/RackSlot3,cardboardbox01_v02D,cpu
J02/RackSlot5,cardboardbox01_v01,cpu
J02/RackSlot20,cardboardbox01_v02D,gpu
J02/RackSlot22,cardboardbox01_v02D,cpu
J02/RackSlot17,cardboardbox01_v02D,cpu
J01/RackSlot10,cardboardbox01_v02D,cpu
J01/RackSlot20,cardboardbox05_v01,cpu
J01/RackSlot22,cardboardbox01_v02D,cpu
J01/RackSlot18,cardboardbox05_v01,cpu
J01/RackSlot6,cardboardbox01_v02D,cpu
J01/RackSlot1,cardboardbox01_v02D,cpu
J01/RackSlot21,cardboardbox01_v02D,pipes
J01/RackSlot15,cardboardbox05_v01,cpu
J01/RackSlot23,cardboardbox01_v01,gpu
J01/RackSlot14,cardboardbox01_v01,cpu
J01/RackSlot11,cardboardbox01_v02D,cpu
J01/RackSlot9,cardboardbox01_v02D,cpu
J01/RackSlot24,cardboardbox01_v02D,cpu
J01/RackSlot17,cardboardbox05_v01,cpu
J01/RackSlot3,cardboardbox01_v02D,motherboard
J01/RackSlot16,cardboardbox01_v01,cpu
D02/RackSlot15,cardboardbox01_v02D,gpu
D02/RackSlot10,cardboardbox01_v01,hammers
D02/RackSlot1,cardboardbox05_v01,nails
D02/RackSlot2,cardboardbox05_v01,gpu
D02/RackSlot21,cardboardbox01_v01,gpu
D02/RackSlot8,cardboardbox01_v02D,motherboard
D02/RackSlot19,cardboardbox01_v02D,gpu
D02/RackSlot13,cardboardbox05_v01,gpu
D02/RackSlot24,cardboardbox05_v01,gpu
D02/RackSlot18,cardboardbox01_v01,pipes
D02/RackSlot17,cardboardbox01_v01,gpu
D02/RackSlot16,cardboardbox01_v01,gpu
D02/RackSlot9,cardboardbox05_v01,gpu
D02/RackSlot22,cardboardbox05_v01,nails
D02/RackSlot3,cardboardbox01_v02D,gpu
D02/RackSlot6,cardboardbox01_v02D,gpu
D01/RackSlot21,cardboardbox01_v01,gpu
D01/RackSlot23,cardboardbox01_v01,gpu
D01/RackSlot8,cardboardbox01_v02D,gpu
D01/RackSlot7,cardboardbox01_v01,gpu
D01/RackSlot19,cardboardbox05_v01,gpu
D01/RackSlot1,cardboardbox05_v01,gpu
D01/RackSlot13,cardboardbox05_v01,gpu
D01/RackSlot6,cardboardbox01_v02D,gpu
D01/RackSlot4,cardboardbox01_v02D,gpu
D01/RackSlot14,cardboardbox05_v01,gpu
D01/RackSlot20,cardboardbox01_v01,cpu
D01/RackSlot12,cardboardbox01_v01,pipes
D01/RackSlot22,cardboardbox01_v01,gpu
D01/RackSlot5,cardboardbox01_v01,gpu
D01/RackSlot17,cardboardbox01_v02D,gpu
D01/RackSlot3,cardboardbox01_v01,pipes
D04/RackSlot18,cardboardbox01_v02D,cpu
D04/RackSlot13,cardboardbox01_v01,gpu
D04/RackSlot10,cardboardbox05_v01,gpu
D04/RackSlot17,cardboardbox05_v01,cpu
D04/RackSlot23,cardboardbox05_v01,gpu
D04/RackSlot8,cardboardbox01_v02D,gpu
D04/RackSlot22,cardboardbox05_v01,gpu
D04/RackSlot15,cardboardbox05_v01,gpu
D04/RackSlot21,cardboardbox01_v02D,gpu
D04/RackSlot7,cardboardbox01_v02D,gpu
D04/RackSlot16,cardboardbox05_v01,gpu
D04/RackSlot4,cardboardbox01_v02D,pipes
D04/RackSlot20,cardboardbox05_v01,gpu
D04/RackSlot2,cardboardbox01_v02D,gpu
D04/RackSlot6,cardboardbox01_v01,gpu
D04/RackSlot14,cardboardbox01_v02D,gpu
D03/RackSlot15,cardboardbox01_v02D,cpu
D03/RackSlot14,cardboardbox01_v01,gpu
D03/RackSlot23,cardboardbox05_v01,gpu
D03/RackSlot13,cardboardbox05_v01,pipes
D03/RackSlot11,cardboardbox01_v01,pipes
D03/RackSlot17,cardboardbox05_v01,motherboard
D03/RackSlot1,cardboardbox05_v01,gpu
D03/RackSlot20,cardboardbox01_v02D,gpu
D03/RackSlot8,cardboardbox01_v01,gpu
D03/RackSlot4,cardboardbox01_v02D,gpu
D03/RackSlot18,cardboardbox01_v01,gpu
D03/RackSlot21,cardboardbox05_v01,hammers
D03/RackSlot3,cardboardbox05_v01,hammers
D03/RackSlot6,cardboardbox05_v01,gpu
D03/RackSlot9,cardboardbox05_v01,gpu
D03/RackSlot2,cardboardbox01_v02D,gpu
C04/RackSlot6,cardboardbox01_v02D,gpu
C04/RackSlot21,cardboardbox01_v02D,gpu
C04/RackSlot20,cardboardbox01_v01,gpu
C04/RackSlot7,cardboardbox05_v01,gpu
C04/RackSlot10,cardboardbox01_v02D,gpu
C04/RackSlot22,cardboardbox01_v01,gpu
C04/RackSlot13,cardboardbox05_v01,motherboard
C04/RackSlot19,cardboardbox01_v01,gpu
C04/RackSlot18,cardboardbox01_v02D,gpu
C04/RackSlot14,cardboardbox05_v01,gpu
C04/RackSlot4,cardboardbox05_v01,gpu
C04/RackSlot12,cardboardbox05_v01,gpu
C04/RackSlot17,cardboardbox01_v02D,gpu
C04/RackSlot15,cardboardbox01_v01,gpu
C04/RackSlot1,cardboardbox01_v01,motherboard
C04/RackSlot9,cardboardbox01_v02D,gpu
C03/RackSlot13,cardboardbox01_v02D,nails
C03/RackSlot17,cardboardbox01_v02D,gpu
C03/RackSlot7,cardboardbox01_v02D,gpu
C03/RackSlot22,cardboardbox01_v02D,gpu
C03/RackSlot4,cardboardbox01_v01,pipes
C03/RackSlot23,cardboardbox01_v02D,gpu
C03/RackSlot14,cardboardbox01_v02D,pipes
C03/RackSlot10,cardboardbox05_v01,gpu
C03/RackSlot15,cardboardbox05_v01,gpu
C03/RackSlot12,cardboardbox05_v01,gpu
C03/RackSlot3,cardboardbox05_v01,gpu
C03/RackSlot18,cardboardbox01_v02D,gpu
C03/RackSlot6,cardboardbox01_v01,nails
C03/RackSlot1,cardboardbox01_v01,gpu
C03/RackSlot8,cardboardbox01_v02D,gpu
C03/RackSlot21,cardboardbox01_v02D,gpu
C02/RackSlot14,cardboardbox05_v01,gpu
C02/RackSlot10,cardboardbox01_v01,gpu
C02/RackSlot18,cardboardbox01_v01,gpu
C02/RackSlot4,cardboardbox05_v01,gpu
C02/RackSlot6,cardboardbox01_v01,hammers
C02/RackSlot24,cardboardbox01_v02D,gpu
C02/RackSlot21,cardboardbox05_v01,nails
C02/RackSlot2,cardboardbox01_v02D,gpu
C02/RackSlot3,cardboardbox01_v02D,motherboard
C02/RackSlot19,cardboardbox05_v01,gpu
C02/RackSlot17,cardboardbox01_v02D,cpu
C02/RackSlot11,cardboardbox01_v02D,gpu
C02/RackSlot13,cardboardbox01_v01,gpu
C02/RackSlot12,cardboardbox05_v01,gpu
C02/RackSlot16,cardboardbox01_v01,gpu
C02/RackSlot22,cardboardbox01_v01,cpu
C01/RackSlot4,cardboardbox01_v02D,cpu
C01/RackSlot17,cardboardbox01_v02D,gpu
C01/RackSlot5,cardboardbox01_v01,gpu
C01/RackSlot11,cardboardbox05_v01,gpu
C01/RackSlot3,cardboardbox01_v01,gpu
C01/RackSlot2,cardboardbox05_v01,gpu
C01/RackSlot9,cardboardbox01_v02D,gpu
C01/RackSlot15,cardboardbox05_v01,gpu
C01/RackSlot1,cardboardbox05_v01,gpu
C01/RackSlot23,cardboardbox05_v01,gpu
C01/RackSlot18,cardboardbox05_v01,gpu
C01/RackSlot13,cardboardbox01_v01,gpu
C01/RackSlot6,cardboardbox05_v01,hammers
C01/RackSlot21,cardboardbox01_v01,gpu
C01/RackSlot10,cardboardbox01_v01,gpu
C01/RackSlot19,cardboardbox01_v01,gpu
A04/RackSlot2,cardboardbox05_v01,hammers
A04/RackSlot24,cardboardbox01_v01,cpu
A04/RackSlot20,cardboardbox05_v01,cpu
A04/RackSlot21,cardboardbox01_v02D,cpu
A04/RackSlot22,cardboardbox05_v01,cpu
A04/RackSlot6,cardboardbox01_v02D,cpu
A04/RackSlot11,cardboardbox01_v02D,cpu
A04/RackSlot7,cardboardbox01_v02D,cpu
A04/RackSlot3,cardboardbox01_v01,cpu
A04/RackSlot18,cardboardbox05_v01,cpu
A04/RackSlot23,cardboardbox01_v02D,cpu
A04/RackSlot15,cardboardbox05_v01,cpu
A04/RackSlot5,cardboardbox01_v01,cpu
A04/RackSlot12,cardboardbox01_v02D,cpu
A04/RackSlot13,cardboardbox01_v02D,cpu
A04/RackSlot14,cardboardbox01_v01,hammers
A03/RackSlot14,cardboardbox05_v01,cpu
A03/RackSlot18,cardboardbox01_v01,cpu
A03/RackSlot24,cardboardbox01_v01,pipes
A03/RackSlot15,cardboardbox05_v01,cpu
A03/RackSlot17,cardboardbox05_v01,cpu
A03/RackSlot1,cardboardbox01_v02D,cpu
A03/RackSlot22,cardboardbox05_v01,cpu
A03/RackSlot11,cardboardbox05_v01,cpu
A03/RackSlot16,cardboardbox01_v01,cpu
A03/RackSlot20,cardboardbox01_v01,cpu
A03/RackSlot23,cardboardbox01_v02D,gpu
A03/RackSlot9,cardboardbox01_v01,cpu
A03/RackSlot3,cardboardbox01_v02D,cpu
A03/RackSlot13,cardboardbox01_v01,cpu
A03/RackSlot2,cardboardbox05_v01,cpu
A03/RackSlot4,cardboardbox05_v01,cpu
G04/RackSlot10,cardboardbox01_v01,pipes
G04/RackSlot6,cardboardbox01_v01,pipes
G04/RackSlot7,cardboardbox01_v01,pipes
G04/RackSlot8,cardboardbox01_v02D,pipes
G04/RackSlot15,cardboardbox01_v01,pipes
G04/RackSlot21,cardboardbox01_v01,pipes
G04/RackSlot23,cardboardbox01_v02D,pipes
G04/RackSlot14,cardboardbox05_v01,pipes
G04/RackSlot20,cardboardbox01_v01,pipes
G04/RackSlot4,cardboardbox01_v01,pipes
G04/RackSlot9,cardboardbox05_v01,pipes
G04/RackSlot1,cardboardbox05_v01,pipes
G04/RackSlot11,cardboardbox01_v02D,pipes
G04/RackSlot2,cardboardbox01_v01,pipes
G04/RackSlot24,cardboardbox01_v02D,pipes
G04/RackSlot16,cardboardbox01_v02D,pipes
G03/RackSlot14,cardboardbox05_v01,cpu
G03/RackSlot15,cardboardbox05_v01,pipes
G03/RackSlot6,cardboardbox01_v02D,pipes
G03/RackSlot7,cardboardbox05_v01,pipes
G03/RackSlot4,cardboardbox01_v02D,pipes
G03/RackSlot12,cardboardbox05_v01,pipes
G03/RackSlot10,cardboardbox01_v01,pipes
G03/RackSlot18,cardboardbox01_v01,pipes
G03/RackSlot9,cardboardbox01_v02D,pipes
G03/RackSlot24,cardboardbox01_v02D,pipes
G03/RackSlot13,cardboardbox01_v01,pipes
G03/RackSlot22,cardboardbox05_v01,pipes
G03/RackSlot23,cardboardbox01_v02D,pipes
G03/RackSlot21,cardboardbox05_v01,pipes
G03/RackSlot17,cardboardbox01_v01,pipes
G03/RackSlot11,cardboardbox05_v01,pipes
A06/RackSlot15,cardboardbox01_v01,cpu
A06/RackSlot22,cardboardbox05_v01,cpu
A06/RackSlot20,cardboardbox01_v01,cpu
A06/RackSlot3,cardboardbox01_v02D,cpu
A06/RackSlot19,cardboardbox01_v01,cpu
A06/RackSlot11,cardboardbox05_v01,cpu
A06/RackSlot13,cardboardbox01_v02D,cpu
A06/RackSlot18,cardboardbox05_v01,cpu
A06/RackSlot24,cardboardbox01_v01,cpu
A06/RackSlot10,cardboardbox05_v01,nails
A06/RackSlot5,cardboardbox01_v02D,motherboard
A06/RackSlot23,cardboardbox01_v01,motherboard
A06/RackSlot14,cardboardbox01_v02D,cpu
A06/RackSlot12,cardboardbox01_v02D,cpu
A06/RackSlot21,cardboardbox05_v01,nails
A06/RackSlot2,cardboardbox01_v02D,cpu
A05/RackSlot22,cardboardbox01_v02D,cpu
A05/RackSlot18,cardboardbox01_v01,cpu
A05/RackSlot21,cardboardbox01_v01,cpu
A05/RackSlot2,cardboardbox01_v02D,cpu
A05/RackSlot17,cardboardbox01_v01,cpu
A05/RackSlot8,cardboardbox01_v02D,cpu
A05/RackSlot7,cardboardbox01_v02D,cpu
A05/RackSlot14,cardboardbox01_v01,hammers
A05/RackSlot5,cardboardbox01_v01,cpu
A05/RackSlot16,cardboardbox05_v01,cpu
A05/RackSlot9,cardboardbox01_v02D,cpu
A05/RackSlot15,cardboardbox05_v01,cpu
A05/RackSlot23,cardboardbox05_v01,cpu
A05/RackSlot12,cardboardbox01_v01,pipes
A05/RackSlot4,cardboardbox01_v02D,cpu
A05/RackSlot3,cardboardbox05_v01,cpu
A02/RackSlot13,cardboardbox01_v01,nails
A02/RackSlot14,cardboardbox01_v01,cpu
A02/RackSlot10,cardboardbox05_v01,cpu
A02/RackSlot23,cardboardbox01_v01,gpu
A02/RackSlot1,cardboardbox05_v01,cpu
A02/RackSlot17,cardboardbox01_v01,motherboard
A02/RackSlot21,cardboardbox01_v02D,cpu
A02/RackSlot9,cardboardbox05_v01,cpu
A02/RackSlot15,cardboardbox01_v02D,cpu
A02/RackSlot18,cardboardbox05_v01,cpu
A02/RackSlot8,cardboardbox01_v02D,cpu
A02/RackSlot22,cardboardbox01_v01,cpu
A02/RackSlot2,cardboardbox05_v01,cpu
A02/RackSlot19,cardboardbox05_v01,cpu
A02/RackSlot12,cardboardbox01_v02D,cpu
A02/RackSlot7,cardboardbox01_v01,cpu
A01/RackSlot7,cardboardbox01_v01,cpu
A01/RackSlot19,cardboardbox05_v01,cpu
A01/RackSlot23,cardboardbox05_v01,cpu
A01/RackSlot22,cardboardbox01_v02D,cpu
A01/RackSlot9,cardboardbox01_v01,cpu
A01/RackSlot20,cardboardbox01_v01,pipes
A01/RackSlot18,cardboardbox05_v01,cpu
A01/RackSlot21,cardboardbox01_v02D,nails
A01/RackSlot5,cardboardbox01_v01,cpu
A01/RackSlot24,cardboardbox01_v01,cpu
A01/RackSlot3,cardboardbox01_v01,cpu
A01/RackSlot10,cardboardbox05_v01,motherboard
A01/RackSlot17,cardboardbox01_v02D,motherboard
A01/RackSlot15,cardboardbox01_v01,cpu
A01/RackSlot2,cardboardbox05_v01,cpu
A01/RackSlot13,cardboardbox05_v01,cpu
G06/RackSlot7,cardboardbox01_v01,pipes
G06/RackSlot18,cardboardbox05_v01,gpu
G06/RackSlot20,cardboardbox01_v01,hammers
G06/RackSlot15,cardboardbox01_v02D,pipes
G06/RackSlot5,cardboardbox05_v01,pipes
G06/RackSlot21,cardboardbox01_v02D,pipes
G06/RackSlot4,cardboardbox05_v01,pipes
G06/RackSlot16,cardboardbox05_v01,pipes
G06/RackSlot17,cardboardbox01_v01,pipes
G06/RackSlot8,cardboardbox01_v01,pipes
G06/RackSlot6,cardboardbox01_v02D,pipes
G06/RackSlot13,cardboardbox01_v01,motherboard
G06/RackSlot9,cardboardbox05_v01,pipes
G06/RackSlot14,cardboardbox01_v01,pipes
G06/RackSlot2,cardboardbox01_v01,pipes
G06/RackSlot11,cardboardbox05_v01,pipes
G05/RackSlot4,cardboardbox05_v01,pipes
G05/RackSlot11,cardboardbox05_v01,pipes
G05/RackSlot18,cardboardbox01_v02D,pipes
G05/RackSlot20,cardboardbox01_v02D,pipes
G05/RackSlot15,cardboardbox01_v01,hammers
G05/RackSlot1,cardboardbox01_v02D,pipes
G05/RackSlot17,cardboardbox01_v02D,pipes
G05/RackSlot22,cardboardbox05_v01,pipes
G05/RackSlot16,cardboardbox01_v01,cpu
G05/RackSlot7,cardboardbox05_v01,cpu
G05/RackSlot21,cardboardbox01_v01,motherboard
G05/RackSlot12,cardboardbox01_v02D,pipes
G05/RackSlot19,cardboardbox01_v02D,pipes
G05/RackSlot6,cardboardbox05_v01,pipes
G05/RackSlot13,cardboardbox01_v02D,pipes
G05/RackSlot23,cardboardbox01_v02D,pipes
G02/RackSlot18,cardboardbox01_v01,pipes
G02/RackSlot14,cardboardbox05_v01,pipes
G02/RackSlot20,cardboardbox01_v02D,pipes
G02/RackSlot12,cardboardbox01_v01,pipes
G02/RackSlot2,cardboardbox01_v01,pipes
G02/RackSlot11,cardboardbox01_v01,pipes
G02/RackSlot3,cardboardbox05_v01,pipes
G02/RackSlot9,cardboardbox01_v01,pipes
G02/RackSlot4,cardboardbox01_v02D,pipes
G02/RackSlot16,cardboardbox01_v01,pipes
G02/RackSlot22,cardboardbox01_v02D,pipes
G02/RackSlot23,cardboardbox05_v01,pipes
G02/RackSlot17,cardboardbox01_v01,pipes
G02/RackSlot6,cardboardbox01_v01,pipes
G02/RackSlot10,cardboardbox01_v01,pipes
G02/RackSlot24,cardboardbox01_v02D,pipes
G01/RackSlot18,cardboardbox05_v01,hammers
G01/RackSlot24,cardboardbox05_v01,pipes
G01/RackSlot20,cardboardbox01_v02D,pipes
G01/RackSlot6,cardboardbox01_v01,cpu
G01/RackSlot22,cardboardbox01_v01,pipes
G01/RackSlot23,cardboardbox05_v01,gpu
G01/RackSlot12,cardboardbox05_v01,pipes
G01/RackSlot5,cardboardbox01_v02D,pipes
G01/RackSlot21,cardboardbox05_v01,pipes
G01/RackSlot19,cardboardbox05_v01,pipes
G01/RackSlot13,cardboardbox05_v01,pipes
G01/RackSlot11,cardboardbox01_v01,pipes
G01/RackSlot10,cardboardbox01_v02D,pipes
G01/RackSlot1,cardboardbox01_v02D,pipes
G01/RackSlot9,cardboardbox01_v02D,nails
G01/RackSlot2,cardboardbox05_v01,pipes
H02/RackSlot13,cardboardbox05_v01,pipes
H02/RackSlot4,cardboardbox01_v01,pipes
H02/RackSlot15,cardboardbox01_v02D,pipes
H02/RackSlot17,cardboardbox05_v01,pipes
H02/RackSlot8,cardboardbox01_v02D,pipes
H02/RackSlot2,cardboardbox01_v01,pipes
H02/RackSlot1,cardboardbox01_v01,pipes
H02/RackSlot9,cardboardbox05_v01,pipes
H02/RackSlot7,cardboardbox01_v01,pipes
H02/RackSlot21,cardboardbox01_v01,pipes
H02/RackSlot19,cardboardbox05_v01,pipes
H02/RackSlot16,cardboardbox01_v01,nails
H02/RackSlot23,cardboardbox01_v02D,pipes
H02/RackSlot10,cardboardbox01_v02D,pipes
H02/RackSlot14,cardboardbox01_v01,pipes
H02/RackSlot3,cardboardbox01_v02D,pipes
H01/RackSlot11,cardboardbox01_v01,pipes
H01/RackSlot15,cardboardbox05_v01,pipes
H01/RackSlot13,cardboardbox01_v01,pipes
H01/RackSlot1,cardboardbox05_v01,pipes
H01/RackSlot24,cardboardbox01_v01,pipes
H01/RackSlot19,cardboardbox05_v01,pipes
H01/RackSlot20,cardboardbox01_v01,gpu
H01/RackSlot22,cardboardbox01_v02D,cpu
H01/RackSlot9,cardboardbox01_v02D,pipes
H01/RackSlot10,cardboardbox01_v02D,pipes
H01/RackSlot6,cardboardbox01_v02D,pipes
H01/RackSlot18,cardboardbox01_v02D,nails
H01/RackSlot8,cardboardbox05_v01,pipes
H01/RackSlot23,cardboardbox05_v01,pipes
H01/RackSlot5,cardboardbox05_v01,pipes
H01/RackSlot21,cardboardbox05_v01,nails
L10/RackSlot14,cardboardbox05_v01,hammers
L10/RackSlot3,cardboardbox01_v02D,hammers
L10/RackSlot5,cardboardbox01_v01,hammers
L10/RackSlot10,cardboardbox01_v02D,gpu
L10/RackSlot16,cardboardbox05_v01,hammers
L10/RackSlot13,cardboardbox05_v01,hammers
L10/RackSlot21,cardboardbox01_v02D,cpu
L10/RackSlot18,cardboardbox01_v02D,hammers
L10/RackSlot24,cardboardbox01_v01,hammers
L10/RackSlot9,cardboardbox01_v01,hammers
L10/RackSlot4,cardboardbox01_v01,cpu
L10/RackSlot23,cardboardbox01_v02D,hammers
L10/RackSlot20,cardboardbox01_v02D,hammers
L10/RackSlot11,cardboardbox05_v01,hammers
L10/RackSlot12,cardboardbox05_v01,hammers
L10/RackSlot1,cardboardbox01_v02D,hammers
L09/RackSlot2,cardboardbox05_v01,hammers
L09/RackSlot19,cardboardbox01_v01,hammers
L09/RackSlot5,cardboardbox01_v02D,hammers
L09/RackSlot16,cardboardbox05_v01,gpu
L09/RackSlot8,cardboardbox05_v01,nails
L09/RackSlot3,cardboardbox05_v01,pipes
L09/RackSlot15,cardboardbox01_v02D,hammers
L09/RackSlot7,cardboardbox01_v01,hammers
L09/RackSlot9,cardboardbox05_v01,hammers
L09/RackSlot24,cardboardbox01_v02D,hammers
L09/RackSlot22,cardboardbox01_v02D,cpu
L09/RackSlot4,cardboardbox01_v01,hammers
L09/RackSlot21,cardboardbox01_v01,hammers
L09/RackSlot20,cardboardbox01_v02D,hammers
L09/RackSlot10,cardboardbox01_v02D,hammers
L09/RackSlot1,cardboardbox05_v01,hammers
L06/RackSlot17,cardboardbox01_v02D,hammers
L06/RackSlot7,cardboardbox01_v01,motherboard
L06/RackSlot23,cardboardbox01_v02D,hammers
L06/RackSlot24,cardboardbox01_v02D,nails
L06/RackSlot11,cardboardbox01_v02D,hammers
L06/RackSlot16,cardboardbox05_v01,hammers
L06/RackSlot8,cardboardbox05_v01,hammers
L06/RackSlot9,cardboardbox01_v02D,cpu
L06/RackSlot5,cardboardbox05_v01,hammers
L06/RackSlot14,cardboardbox01_v01,hammers
L06/RackSlot22,cardboardbox05_v01,hammers
L06/RackSlot18,cardboardbox01_v01,hammers
L06/RackSlot6,cardboardbox01_v02D,gpu
L06/RackSlot4,cardboardbox01_v02D,hammers
L06/RackSlot21,cardboardbox05_v01,hammers
L06/RackSlot1,cardboardbox05_v01,hammers
L05/RackSlot23,cardboardbox05_v01,hammers
L05/RackSlot6,cardboardbox01_v01,pipes
L05/RackSlot7,cardboardbox01_v01,hammers
L05/RackSlot9,cardboardbox01_v01,hammers
L05/RackSlot20,cardboardbox05_v01,hammers
L05/RackSlot2,cardboardbox01_v01,hammers
L05/RackSlot1,cardboardbox01_v02D,hammers
L05/RackSlot5,cardboardbox05_v01,hammers
L05/RackSlot11,cardboardbox01_v02D,hammers
L05/RackSlot19,cardboardbox01_v01,cpu
L05/RackSlot4,cardboardbox01_v01,cpu
L05/RackSlot21,cardboardbox01_v01,hammers
L05/RackSlot13,cardboardbox01_v01,hammers
L05/RackSlot10,cardboardbox05_v01,hammers
L05/RackSlot8,cardboardbox01_v01,hammers
L05/RackSlot3,cardboardbox05_v01,hammers
L08/RackSlot6,cardboardbox01_v02D,hammers
L08/RackSlot12,cardboardbox05_v01,hammers
L08/RackSlot13,cardboardbox01_v02D,hammers
L08/RackSlot1,cardboardbox01_v01,hammers
L08/RackSlot8,cardboardbox01_v02D,motherboard
L08/RackSlot5,cardboardbox05_v01,cpu
L08/RackSlot11,cardboardbox01_v02D,hammers
L08/RackSlot20,cardboardbox01_v01,hammers
L08/RackSlot24,cardboardbox01_v02D,hammers
L08/RackSlot22,cardboardbox01_v01,hammers
L08/RackSlot14,cardboardbox01_v02D,gpu
L08/RackSlot4,cardboardbox05_v01,gpu
L08/RackSlot3,cardboardbox01_v02D,hammers
L08/RackSlot18,cardboardbox01_v02D,hammers
L08/RackSlot23,cardboardbox05_v01,hammers
L08/RackSlot19,cardboardbox01_v01,hammers
L07/RackSlot19,cardboardbox01_v02D,hammers
L07/RackSlot11,cardboardbox01_v01,hammers
L07/RackSlot16,cardboardbox05_v01,nails
L07/RackSlot18,cardboardbox05_v01,hammers
L07/RackSlot8,cardboardbox01_v02D,pipes
L07/RackSlot2,cardboardbox01_v01,motherboard
L07/RackSlot13,cardboardbox01_v01,hammers
L07/RackSlot7,cardboardbox01_v01,hammers
L07/RackSlot3,cardboardbox05_v01,hammers
L07/RackSlot23,cardboardbox01_v01,hammers
L07/RackSlot21,cardboardbox01_v01,motherboard
L07/RackSlot9,cardboardbox01_v01,hammers
L07/RackSlot15,cardboardbox01_v02D,hammers
L07/RackSlot24,cardboardbox05_v01,motherboard
L07/RackSlot17,cardboardbox01_v02D,hammers
L07/RackSlot6,cardboardbox01_v01,hammers
L04/RackSlot2,cardboardbox01_v02D,hammers
L04/RackSlot21,cardboardbox01_v01,hammers
L04/RackSlot19,cardboardbox05_v01,pipes
L04/RackSlot4,cardboardbox05_v01,hammers
L04/RackSlot22,cardboardbox01_v02D,hammers
L04/RackSlot15,cardboardbox01_v01,gpu
L04/RackSlot8,cardboardbox05_v01,hammers
L04/RackSlot11,cardboardbox01_v01,pipes
L04/RackSlot10,cardboardbox05_v01,hammers
L04/RackSlot9,cardboardbox05_v01,hammers
L04/RackSlot23,cardboardbox01_v02D,hammers
L04/RackSlot17,cardboardbox01_v02D,cpu
L04/RackSlot18,cardboardbox05_v01,hammers
L04/RackSlot3,cardboardbox01_v02D,hammers
L04/RackSlot5,cardboardbox01_v01,hammers
L04/RackSlot6,cardboardbox05_v01,hammers
L03/RackSlot18,cardboardbox01_v01,hammers
L03/RackSlot9,cardboardbox01_v02D,nails
L03/RackSlot19,cardboardbox01_v01,gpu
L03/RackSlot13,cardboardbox01_v02D,hammers
L03/RackSlot8,cardboardbox05_v01,motherboard
L03/RackSlot1,cardboardbox01_v02D,hammers
L03/RackSlot15,cardboardbox01_v02D,hammers
L03/RackSlot24,cardboardbox01_v02D,pipes
L03/RackSlot6,cardboardbox01_v01,hammers
L03/RackSlot7,cardboardbox05_v01,nails
L03/RackSlot21,cardboardbox05_v01,hammers
L03/RackSlot17,cardboardbox01_v02D,hammers
L03/RackSlot14,cardboardbox05_v01,pipes
L03/RackSlot11,cardboardbox01_v02D,motherboard
L03/RackSlot22,cardboardbox01_v02D,nails
L03/RackSlot23,cardboardbox05_v01,hammers
L02/RackSlot16,cardboardbox01_v01,cpu
L02/RackSlot12,cardboardbox01_v02D,motherboard
L02/RackSlot2,cardboardbox01_v02D,hammers
L02/RackSlot1,cardboardbox05_v01,hammers
L02/RackSlot19,cardboardbox01_v02D,gpu
L02/RackSlot4,cardboardbox01_v02D,hammers
L02/RackSlot22,cardboardbox05_v01,hammers
L02/RackSlot23,cardboardbox01_v02D,gpu
L02/RackSlot9,cardboardbox05_v01,hammers
L02/RackSlot21,cardboardbox01_v02D,hammers
L02/RackSlot14,cardboardbox05_v01,hammers
L02/RackSlot20,cardboardbox01_v02D,hammers
L02/RackSlot18,cardboardbox05_v01,hammers
L02/RackSlot11,cardboardbox01_v01,hammers
L02/RackSlot13,cardboardbox05_v01,hammers
L02/RackSlot3,cardboardbox05_v01,hammers
L01/RackSlot7,cardboardbox01_v02D,hammers
L01/RackSlot1,cardboardbox01_v01,hammers
L01/RackSlot14,cardboardbox05_v01,hammers
L01/RackSlot18,cardboardbox05_v01,hammers
L01/RackSlot3,cardboardbox01_v02D,gpu
L01/RackSlot9,cardboardbox05_v01,nails
L01/RackSlot19,cardboardbox01_v02D,hammers
L01/RackSlot5,cardboardbox01_v01,hammers
L01/RackSlot16,cardboardbox01_v01,hammers
L01/RackSlot11,cardboardbox01_v02D,hammers
L01/RackSlot2,cardboardbox05_v01,cpu
L01/RackSlot8,cardboardbox05_v01,hammers
L01/RackSlot15,cardboardbox01_v02D,hammers
L01/RackSlot4,cardboardbox05_v01,hammers
L01/RackSlot23,cardboardbox01_v02D,nails
L01/RackSlot10,cardboardbox05_v01,nails
B04/RackSlot24,cardboardbox01_v02D,cpu
B04/RackSlot5,cardboardbox01_v02D,motherboard
B04/RackSlot10,cardboardbox05_v01,cpu
B04/RackSlot8,cardboardbox01_v02D,cpu
B04/RackSlot23,cardboardbox05_v01,cpu
B04/RackSlot17,cardboardbox01_v01,cpu
B04/RackSlot15,cardboardbox05_v01,hammers
B04/RackSlot3,cardboardbox01_v01,hammers
B04/RackSlot16,cardboardbox01_v01,cpu
B04/RackSlot18,cardboardbox01_v01,cpu
B04/RackSlot12,cardboardbox01_v02D,cpu
B04/RackSlot22,cardboardbox01_v02D,cpu
B04/RackSlot19,cardboardbox05_v01,cpu
B04/RackSlot21,cardboardbox05_v01,cpu
B04/RackSlot4,cardboardbox01_v01,cpu
B04/RackSlot6,cardboardbox01_v01,cpu
B03/RackSlot2,cardboardbox01_v01,cpu
B03/RackSlot16,cardboardbox05_v01,hammers
B03/RackSlot12,cardboardbox01_v01,cpu
B03/RackSlot15,cardboardbox01_v01,cpu
B03/RackSlot14,cardboardbox05_v01,hammers
B03/RackSlot8,cardboardbox05_v01,pipes
B03/RackSlot1,cardboardbox01_v01,cpu
B03/RackSlot9,cardboardbox05_v01,cpu
B03/RackSlot10,cardboardbox01_v02D,cpu
B03/RackSlot7,cardboardbox05_v01,nails
B03/RackSlot17,cardboardbox05_v01,cpu
B03/RackSlot13,cardboardbox01_v01,cpu
B03/RackSlot21,cardboardbox01_v02D,nails
B03/RackSlot3,cardboardbox01_v01,cpu
B03/RackSlot6,cardboardbox05_v01,gpu
B03/RackSlot22,cardboardbox01_v02D,cpu
B02/RackSlot1,cardboardbox05_v01,cpu
B02/RackSlot7,cardboardbox01_v02D,cpu
B02/RackSlot13,cardboardbox05_v01,cpu
B02/RackSlot2,cardboardbox01_v02D,cpu
B02/RackSlot5,cardboardbox05_v01,pipes
B02/RackSlot8,cardboardbox01_v01,cpu
B02/RackSlot14,cardboardbox01_v01,cpu
B02/RackSlot4,cardboardbox01_v01,pipes
B02/RackSlot16,cardboardbox01_v01,cpu
B02/RackSlot23,cardboardbox01_v01,cpu
B02/RackSlot19,cardboardbox05_v01,cpu
B02/RackSlot10,cardboardbox01_v01,cpu
B02/RackSlot22,cardboardbox01_v02D,cpu
B02/RackSlot24,cardboardbox01_v01,cpu
B02/RackSlot6,cardboardbox05_v01,cpu
B02/RackSlot3,cardboardbox01_v01,cpu
B01/RackSlot20,cardboardbox01_v01,gpu
B01/RackSlot3,cardboardbox01_v01,cpu
B01/RackSlot4,cardboardbox01_v01,cpu
B01/RackSlot21,cardboardbox01_v02D,nails
B01/RackSlot16,cardboardbox01_v02D,cpu
B01/RackSlot10,cardboardbox01_v01,cpu
B01/RackSlot24,cardboardbox05_v01,cpu
B01/RackSlot12,cardboardbox01_v01,cpu
B01/RackSlot18,cardboardbox01_v01,cpu
B01/RackSlot15,cardboardbox01_v01,cpu
B01/RackSlot2,cardboardbox05_v01,cpu
B01/RackSlot11,cardboardbox05_v01,pipes
B01/RackSlot5,cardboardbox01_v01,cpu
B01/RackSlot22,cardboardbox05_v01,cpu
B01/RackSlot1,cardboardbox01_v01,pipes
B01/RackSlot23,cardboardbox01_v02D,cpu
K02/RackSlot2,cardboardbox01_v01,nails
K02/RackSlot10,cardboardbox05_v01,nails
K02/RackSlot7,cardboardbox01_v01,cpu
K02/RackSlot22,cardboardbox01_v01,nails
K02/RackSlot5,cardboardbox05_v01,nails
K02/RackSlot18,cardboardbox05_v01,nails
K02/RackSlot12,cardboardbox01_v02D,motherboard
K02/RackSlot6,cardboardbox01_v02D,nails
K02/RackSlot8,cardboardbox01_v01,nails
K02/RackSlot4,cardboardbox01_v01,nails
K02/RackSlot23,cardboardbox01_v02D,nails
K02/RackSlot21,cardboardbox01_v02D,nails
K02/RackSlot20,cardboardbox05_v01,nails
K02/RackSlot13,cardboardbox05_v01,nails
K02/RackSlot24,cardboardbox05_v01,nails
K02/RackSlot14,cardboardbox01_v02D,nails
K01/RackSlot6,cardboardbox01_v01,nails
K01/RackSlot1,cardboardbox01_v02D,nails
K01/RackSlot17,cardboardbox05_v01,nails
K01/RackSlot13,cardboardbox01_v02D,hammers
K01/RackSlot11,cardboardbox01_v01,nails
K01/RackSlot16,cardboardbox05_v01,nails
K01/RackSlot4,cardboardbox05_v01,nails
K01/RackSlot15,cardboardbox05_v01,nails
K01/RackSlot22,cardboardbox01_v02D,nails
K01/RackSlot2,cardboardbox05_v01,motherboard
K01/RackSlot10,cardboardbox05_v01,pipes
K01/RackSlot18,cardboardbox01_v02D,nails
K01/RackSlot3,cardboardbox01_v02D,nails
K01/RackSlot20,cardboardbox01_v02D,gpu
K01/RackSlot19,cardboardbox01_v02D,nails
K01/RackSlot12,cardboardbox01_v02D,motherboard
I02/RackSlot23,cardboardbox01_v01,nails
I02/RackSlot18,cardboardbox01_v02D,nails
I02/RackSlot19,cardboardbox05_v01,nails
I02/RackSlot4,cardboardbox01_v01,hammers
I02/RackSlot12,cardboardbox05_v01,gpu
I02/RackSlot14,cardboardbox05_v01,nails
I02/RackSlot1,cardboardbox05_v01,nails
I02/RackSlot2,cardboardbox01_v01,nails
I02/RackSlot22,cardboardbox01_v02D,gpu
I02/RackSlot11,cardboardbox01_v01,nails
I02/RackSlot17,cardboardbox05_v01,nails
I02/RackSlot9,cardboardbox01_v02D,nails
I02/RackSlot20,cardboardbox01_v01,nails
I02/RackSlot15,cardboardbox01_v01,nails
I02/RackSlot6,cardboardbox01_v01,nails
I02/RackSlot7,cardboardbox01_v02D,nails
I01/RackSlot10,cardboardbox01_v01,pipes
I01/RackSlot13,cardboardbox05_v01,nails
I01/RackSlot3,cardboardbox01_v02D,nails
I01/RackSlot24,cardboardbox01_v02D,cpu
I01/RackSlot11,cardboardbox01_v01,nails
I01/RackSlot18,cardboardbox01_v01,nails
I01/RackSlot1,cardboardbox01_v02D,nails
I01/RackSlot15,cardboardbox01_v02D,nails
I01/RackSlot20,cardboardbox01_v01,nails
I01/RackSlot16,cardboardbox01_v02D,nails
I01/RackSlot5,cardboardbox01_v02D,nails
I01/RackSlot6,cardboardbox01_v01,nails
I01/RackSlot4,cardboardbox05_v01,nails
I01/RackSlot22,cardboardbox05_v01,nails
I01/RackSlot2,cardboardbox01_v02D,nails
I01/RackSlot7,cardboardbox01_v01,nails
F10/RackSlot9,cardboardbox05_v01,hammers
F10/RackSlot19,cardboardbox01_v01,hammers
F10/RackSlot4,cardboardbox01_v01,hammers
F10/RackSlot17,cardboardbox01_v01,hammers
F10/RackSlot14,cardboardbox01_v02D,hammers
F10/RackSlot12,cardboardbox01_v01,hammers
F10/RackSlot7,cardboardbox01_v01,nails
F10/RackSlot24,cardboardbox01_v02D,hammers
F10/RackSlot8,cardboardbox01_v02D,hammers
F10/RackSlot10,cardboardbox01_v02D,hammers
F10/RackSlot20,cardboardbox05_v01,nails
F10/RackSlot11,cardboardbox01_v02D,hammers
F10/RackSlot23,cardboardbox05_v01,hammers
F10/RackSlot1,cardboardbox01_v01,hammers
F10/RackSlot13,cardboardbox05_v01,hammers
F10/RackSlot6,cardboardbox01_v01,hammers
F09/RackSlot13,cardboardbox05_v01,hammers
F09/RackSlot14,cardboardbox05_v01,hammers
F09/RackSlot20,cardboardbox01_v01,hammers
F09/RackSlot17,cardboardbox01_v01,hammers
F09/RackSlot8,cardboardbox01_v01,hammers
F09/RackSlot10,cardboardbox05_v01,hammers
F09/RackSlot7,cardboardbox05_v01,hammers
F09/RackSlot2,cardboardbox05_v01,hammers
F09/RackSlot22,cardboardbox01_v01,hammers
F09/RackSlot15,cardboardbox05_v01,hammers
F09/RackSlot18,cardboardbox01_v02D,hammers
F09/RackSlot23,cardboardbox01_v01,pipes
F09/RackSlot1,cardboardbox01_v02D,hammers
F09/RackSlot5,cardboardbox05_v01,hammers
F09/RackSlot3,cardboardbox01_v02D,hammers
F09/RackSlot6,cardboardbox01_v01,pipes
F06/RackSlot18,cardboardbox01_v01,motherboard
F06/RackSlot19,cardboardbox01_v02D,motherboard
F06/RackSlot21,cardboardbox01_v01,nails
F06/RackSlot11,cardboardbox01_v02D,motherboard
F06/RackSlot10,cardboardbox05_v01,motherboard
F06/RackSlot5,cardboardbox05_v01,motherboard
F06/RackSlot14,cardboardbox05_v01,nails
F06/RackSlot16,cardboardbox01_v01,motherboard
F06/RackSlot24,cardboardbox05_v01,motherboard
F06/RackSlot3,cardboardbox01_v01,motherboard
F06/RackSlot23,cardboardbox05_v01,motherboard
F06/RackSlot2,cardboardbox05_v01,motherboard
F06/RackSlot9,cardboardbox05_v01,motherboard
F06/RackSlot1,cardboardbox05_v01,motherboard
F06/RackSlot7,cardboardbox01_v02D,motherboard
F06/RackSlot22,cardboardbox01_v02D,motherboard
F05/RackSlot2,cardboardbox01_v02D,motherboard
F05/RackSlot5,cardboardbox01_v01,motherboard
F05/RackSlot23,cardboardbox01_v02D,motherboard
F05/RackSlot24,cardboardbox01_v02D,motherboard
F05/RackSlot20,cardboardbox05_v01,motherboard
F05/RackSlot6,cardboardbox05_v01,motherboard
F05/RackSlot21,cardboardbox05_v01,motherboard
F05/RackSlot15,cardboardbox01_v02D,motherboard
F05/RackSlot12,cardboardbox01_v02D,motherboard
F05/RackSlot11,cardboardbox01_v02D,gpu
F05/RackSlot7,cardboardbox01_v02D,motherboard
F05/RackSlot1,cardboardbox01_v02D,nails
F05/RackSlot13,cardboardbox05_v01,motherboard
F05/RackSlot14,cardboardbox01_v02D,motherboard
F05/RackSlot18,cardboardbox05_v01,motherboard
F05/RackSlot17,cardboardbox01_v01,nails
F04/RackSlot6,cardboardbox05_v01,motherboard
F04/RackSlot5,cardboardbox05_v01,motherboard
F04/RackSlot20,cardboardbox01_v02D,motherboard
F04/RackSlot7,cardboardbox01_v01,motherboard
F04/RackSlot16,cardboardbox01_v02D,motherboard
F04/RackSlot19,cardboardbox01_v01,hammers
F04/RackSlot2,cardboardbox05_v01,motherboard
F04/RackSlot23,cardboardbox01_v01,motherboard
F04/RackSlot13,cardboardbox01_v01,motherboard
F04/RackSlot18,cardboardbox05_v01,motherboard
F04/RackSlot21,cardboardbox01_v02D,motherboard
F04/RackSlot14,cardboardbox01_v01,motherboard
F04/RackSlot9,cardboardbox01_v02D,nails
F04/RackSlot12,cardboardbox01_v01,motherboard
F04/RackSlot10,cardboardbox05_v01,nails
F04/RackSlot11,cardboardbox05_v01,motherboard
F03/RackSlot15,cardboardbox05_v01,motherboard
F03/RackSlot19,cardboardbox01_v01,motherboard
F03/RackSlot7,cardboardbox01_v01,motherboard
F03/RackSlot17,cardboardbox05_v01,motherboard
F03/RackSlot23,cardboardbox01_v01,gpu
F03/RackSlot16,cardboardbox01_v02D,motherboard
F03/RackSlot11,cardboardbox01_v02D,motherboard
F03/RackSlot9,cardboardbox05_v01,motherboard
F03/RackSlot2,cardboardbox05_v01,motherboard
F03/RackSlot22,cardboardbox01_v01,motherboard
F03/RackSlot10,cardboardbox05_v01,motherboard
F03/RackSlot5,cardboardbox05_v01,gpu
F03/RackSlot3,cardboardbox01_v02D,motherboard
F03/RackSlot6,cardboardbox01_v01,motherboard
F03/RackSlot12,cardboardbox05_v01,motherboard
F03/RackSlot18,cardboardbox05_v01,nails
F02/RackSlot23,cardboardbox01_v02D,nails
F02/RackSlot21,cardboardbox01_v02D,hammers
F02/RackSlot22,cardboardbox01_v01,motherboard
F02/RackSlot17,cardboardbox05_v01,motherboard
F02/RackSlot9,cardboardbox05_v01,motherboard
F02/RackSlot18,cardboardbox05_v01,motherboard
F02/RackSlot2,cardboardbox01_v02D,motherboard
F02/RackSlot3,cardboardbox05_v01,motherboard
F02/RackSlot1,cardboardbox01_v01,motherboard
F02/RackSlot24,cardboardbox01_v01,motherboard
F02/RackSlot4,cardboardbox05_v01,nails
F02/RackSlot7,cardboardbox01_v01,motherboard
F02/RackSlot11,cardboardbox01_v01,motherboard
F02/RackSlot5,cardboardbox01_v01,motherboard
F02/RackSlot16,cardboardbox05_v01,motherboard
F02/RackSlot10,cardboardbox01_v02D,motherboard
F01/RackSlot5,cardboardbox01_v02D,nails
F01/RackSlot12,cardboardbox01_v02D,nails
F01/RackSlot24,cardboardbox01_v02D,motherboard
F01/RackSlot19,cardboardbox05_v01,motherboard
F01/RackSlot23,cardboardbox01_v02D,motherboard
F01/RackSlot21,cardboardbox01_v02D,motherboard
F01/RackSlot8,cardboardbox01_v02D,motherboard
F01/RackSlot22,cardboardbox05_v01,gpu
F01/RackSlot14,cardboardbox05_v01,motherboard
F01/RackSlot13,cardboardbox05_v01,motherboard
F01/RackSlot7,cardboardbox01_v02D,gpu
F01/RackSlot4,cardboardbox01_v02D,motherboard
F01/RackSlot9,cardboardbox05_v01,gpu
F01/RackSlot10,cardboardbox05_v01,motherboard
F01/RackSlot18,cardboardbox01_v02D,motherboard
F01/RackSlot1,cardboardbox01_v01,motherboard
F08/RackSlot12,cardboardbox01_v01,motherboard
F08/RackSlot7,cardboardbox01_v01,motherboard
F08/RackSlot2,cardboardbox05_v01,motherboard
F08/RackSlot6,cardboardbox01_v02D,motherboard
F08/RackSlot5,cardboardbox01_v02D,motherboard
F08/RackSlot14,cardboardbox01_v01,gpu
F08/RackSlot3,cardboardbox01_v01,gpu
F08/RackSlot4,cardboardbox01_v01,hammers
F08/RackSlot8,cardboardbox01_v01,motherboard
F08/RackSlot1,cardboardbox01_v01,motherboard
F08/RackSlot22,cardboardbox01_v02D,motherboard
F08/RackSlot21,cardboardbox05_v01,motherboard
F08/RackSlot23,cardboardbox01_v02D,motherboard
F08/RackSlot11,cardboardbox01_v01,motherboard
F08/RackSlot18,cardboardbox05_v01,motherboard
F08/RackSlot20,cardboardbox01_v01,motherboard
F07/RackSlot23,cardboardbox05_v01,motherboard
F07/RackSlot15,cardboardbox01_v01,motherboard
F07/RackSlot3,cardboardbox01_v02D,motherboard
F07/RackSlot6,cardboardbox01_v02D,motherboard
F07/RackSlot21,cardboardbox05_v01,motherboard
F07/RackSlot20,cardboardbox05_v01,motherboard
F07/RackSlot2,cardboardbox05_v01,motherboard
F07/RackSlot24,cardboardbox01_v01,motherboard
F07/RackSlot1,cardboardbox05_v01,motherboard
F07/RackSlot9,cardboardbox01_v02D,motherboard
F07/RackSlot22,cardboardbox05_v01,motherboard
F07/RackSlot11,cardboardbox01_v01,motherboard
F07/RackSlot14,cardboardbox01_v02D,pipes
F07/RackSlot12,cardboardbox05_v01,motherboard
F07/RackSlot13,cardboardbox05_v01,motherboard
F07/RackSlot10,cardboardbox01_v02D,motherboard
