slot_name,unique_id,x,y,z,qx,qy,qz,qw
GarbageContainer01/DropTarget,[27060930622251],7.953,22.059,1.021,0.000,0.000,0.707,0.707
t1/Slot3,[29680860672811],16.906,12.244,1.015,0.000,0.000,0.707,-0.707
t1/Slot12,[29685155640107],19.366,12.737,1.015,0.000,0.000,0.707,0.707
t1/Slot2,[29689450607403],16.225,12.250,1.015,0.000,0.000,0.707,-0.707
t1/Slot7,[29693745574699],15.562,12.743,1.015,0.000,0.000,0.707,0.707
t1/Slot1,[29698040541995],15.562,12.250,1.015,0.000,0.000,0.707,-0.707
t1/Slot4,[29702335509291],18.021,12.244,1.015,0.000,0.000,0.707,-0.707
t1/Slot10,[29706630476587],18.021,12.737,1.015,0.000,0.000,0.707,0.707
t1/Slot5,[29710925443883],18.685,12.244,1.015,0.000,0.000,0.707,-0.707
t1/Slot9,[29715220411179],16.906,12.737,1.015,0.000,0.000,0.707,0.707
t1/Slot6,[29719515378475],19.366,12.244,1.015,0.000,0.000,0.707,-0.707
t1/Slot11,[29723810345771],18.685,12.737,1.015,0.000,0.000,0.707,0.707
t1/Slot8,[29728105313067],16.225,12.743,1.015,0.000,0.000,0.707,0.707
t2/Slot6,[29732400280363],24.401,12.244,1.015,0.000,0.000,0.707,-0.707
t2/Slot3,[29736695247659],21.942,12.244,1.015,0.000,0.000,0.707,-0.707
t2/Slot12,[29740990214955],24.401,12.737,1.015,0.000,0.000,0.707,0.707
t2/Slot4,[29745285182251],23.057,12.244,1.015,0.000,0.000,0.707,-0.707
t2/Slot1,[29749580149547],20.597,12.250,1.015,0.000,0.000,0.707,-0.707
t2/Slot2,[29753875116843],21.261,12.250,1.015,0.000,0.000,0.707,-0.707
t2/Slot10,[29758170084139],23.057,12.737,1.015,0.000,0.000,0.707,0.707
t2/Slot9,[29762465051435],21.942,12.737,1.015,0.000,0.000,0.707,0.707
t2/Slot8,[29766760018731],21.261,12.743,1.015,0.000,0.000,0.707,0.707
t2/Slot7,[29771054986027],20.597,12.743,1.015,0.000,0.000,0.707,0.707
t2/Slot5,[29775349953323],23.721,12.244,1.015,0.000,0.000,0.707,-0.707
t2/Slot11,[29779644920619],23.721,12.737,1.015,0.000,0.000,0.707,0.707
t3/Slot3,[29904198972203],16.906,9.344,1.015,0.000,0.000,0.707,-0.707
t3/Slot12,[29908493939499],19.366,9.837,1.015,0.000,0.000,0.707,0.707
t3/Slot2,[29912788906795],16.225,9.350,1.015,0.000,0.000,0.707,-0.707
t3/Slot7,[29917083874091],15.562,9.843,1.015,0.000,0.000,0.707,0.707
t3/Slot1,[29921378841387],15.562,9.350,1.015,0.000,0.000,0.707,-0.707
t3/Slot4,[29925673808683],18.021,9.344,1.015,0.000,0.000,0.707,-0.707
t3/Slot10,[29929968775979],18.021,9.837,1.015,0.000,0.000,0.707,0.707
t3/Slot5,[29934263743275],18.685,9.344,1.015,0.000,0.000,0.707,-0.707
t3/Slot9,[29938558710571],16.906,9.837,1.015,0.000,0.000,0.707,0.707
t3/Slot6,[29942853677867],19.366,9.344,1.015,0.000,0.000,0.707,-0.707
t3/Slot11,[29947148645163],18.685,9.837,1.015,0.000,0.000,0.707,0.707
t3/Slot8,[29951443612459],16.225,9.843,1.015,0.000,0.000,0.707,0.707
t4/Slot6,[29955738579755],24.401,9.344,1.015,0.000,0.000,0.707,-0.707
t4/Slot3,[29960033547051],21.942,9.344,1.015,0.000,0.000,0.707,-0.707
t4/Slot12,[29964328514347],24.401,9.837,1.015,0.000,0.000,0.707,0.707
t4/Slot4,[29968623481643],23.057,9.344,1.015,0.000,0.000,0.707,-0.707
t4/Slot1,[29972918448939],20.597,9.350,1.015,0.000,0.000,0.707,-0.707
t4/Slot2,[29977213416235],21.261,9.350,1.015,0.000,0.000,0.707,-0.707
t4/Slot10,[29981508383531],23.057,9.837,1.015,0.000,0.000,0.707,0.707
t4/Slot9,[29985803350827],21.942,9.837,1.015,0.000,0.000,0.707,0.707
t4/Slot8,[29990098318123],21.261,9.843,1.015,0.000,0.000,0.707,0.707
t4/Slot7,[29994393285419],20.597,9.843,1.015,0.000,0.000,0.707,0.707
t4/Slot5,[29998688252715],23.721,9.344,1.015,0.000,0.000,0.707,-0.707
t4/Slot11,[30002983220011],23.721,9.837,1.015,0.000,0.000,0.707,0.707
J02/RackSlot14,[30161897009963],15.406,3.777,0.023,0.000,0.000,0.000,1.000
J02/RackSlot10,[30166191977259],14.685,4.397,2.230,0.000,0.000,1.000,-0.000
J02/RackSlot9,[30170486944555],14.685,3.156,1.494,0.000,0.000,1.000,-0.000
J02/RackSlot4,[30174781911851],14.685,4.397,0.768,0.000,0.000,1.000,-0.000
J02/RackSlot22,[30179076879147],15.330,4.397,2.230,0.000,0.000,0.000,1.000
J02/RackSlot5,[30183371846443],14.685,3.777,0.768,0.000,0.000,1.000,-0.000
J02/RackSlot2,[30187666813739],14.583,3.777,0.023,0.000,0.000,1.000,-0.000
J02/RackSlot3,[30191961781035],14.583,3.156,0.023,0.000,0.000,1.000,-0.000
J02/RackSlot19,[30196256748331],15.330,4.397,1.494,0.000,0.000,0.000,1.000
J02/RackSlot16,[30200551715627],15.330,4.397,0.768,0.000,0.000,0.000,1.000
J02/RackSlot6,[30204846682923],14.685,3.156,0.768,0.000,0.000,1.000,-0.000
J02/RackSlot1,[30209141650219],14.583,4.397,0.023,0.000,0.000,1.000,-0.000
J02/RackSlot11,[30213436617515],14.685,3.777,2.230,0.000,0.000,1.000,-0.000
J02/RackSlot17,[30217731584811],15.330,3.777,0.768,0.000,0.000,0.000,1.000
J02/RackSlot20,[30222026552107],15.330,3.777,1.494,0.000,0.000,0.000,1.000
J02/RackSlot12,[30226321519403],14.685,3.156,2.230,0.000,0.000,1.000,-0.000
J02/RackSlot18,[30230616486699],15.330,3.156,0.768,0.000,0.000,0.000,1.000
J02/RackSlot21,[30234911453995],15.330,3.156,1.494,0.000,0.000,0.000,1.000
J02/RackSlot23,[30239206421291],15.330,3.777,2.230,0.000,0.000,0.000,1.000
J02/RackSlot7,[30243501388587],14.685,4.397,1.494,0.000,0.000,1.000,-0.000
J02/RackSlot24,[30247796355883],15.330,3.156,2.230,0.000,0.000,0.000,1.000
J02/RackSlot15,[30252091323179],15.406,3.156,0.023,0.000,0.000,0.000,1.000
J02/RackSlot13,[30256386290475],15.406,4.397,0.023,0.000,0.000,0.000,1.000
J02/RackSlot8,[30260681257771],14.685,3.777,1.494,0.000,0.000,1.000,-0.000
J01/RackSlot24,[30264976225067],15.330,5.406,2.230,0.000,0.000,0.000,1.000
J01/RackSlot14,[30269271192363],15.406,6.027,0.023,0.000,0.000,0.000,1.000
J01/RackSlot20,[30273566159659],15.330,6.027,1.494,0.000,0.000,0.000,1.000
J01/RackSlot21,[30277861126955],15.330,5.406,1.494,0.000,0.000,0.000,1.000
J01/RackSlot19,[30282156094251],15.330,6.647,1.494,0.000,0.000,0.000,1.000
J01/RackSlot3,[30286451061547],14.583,5.406,0.023,0.000,0.000,1.000,-0.000
J01/RackSlot2,[30290746028843],14.583,6.027,0.023,0.000,0.000,1.000,-0.000
J01/RackSlot17,[30295040996139],15.330,6.027,0.768,0.000,0.000,0.000,1.000
J01/RackSlot6,[30299335963435],14.685,5.406,0.768,0.000,0.000,1.000,-0.000
J01/RackSlot12,[30303630930731],14.685,5.406,2.230,0.000,0.000,1.000,-0.000
J01/RackSlot18,[30307925898027],15.330,5.406,0.768,0.000,0.000,0.000,1.000
J01/RackSlot15,[30312220865323],15.406,5.406,0.023,0.000,0.000,0.000,1.000
J01/RackSlot1,[30316515832619],14.583,6.647,0.023,0.000,0.000,1.000,-0.000
J01/RackSlot23,[30320810799915],15.330,6.027,2.230,0.000,0.000,0.000,1.000
J01/RackSlot22,[30325105767211],15.330,6.647,2.230,0.000,0.000,0.000,1.000
J01/RackSlot8,[30329400734507],14.685,6.027,1.494,0.000,0.000,1.000,-0.000
J01/RackSlot4,[30333695701803],14.685,6.647,0.768,0.000,0.000,1.000,-0.000
J01/RackSlot10,[30337990669099],14.685,6.647,2.230,0.000,0.000,1.000,-0.000
J01/RackSlot16,[30342285636395],15.330,6.647,0.768,0.000,0.000,0.000,1.000
J01/RackSlot9,[30346580603691],14.685,5.406,1.494,0.000,0.000,1.000,-0.000
J01/RackSlot11,[30350875570987],14.685,6.027,2.230,0.000,0.000,1.000,-0.000
J01/RackSlot5,[30355170538283],14.685,6.027,0.768,0.000,0.000,1.000,-0.000
J01/RackSlot13,[30359465505579],15.406,6.647,0.023,0.000,0.000,0.000,1.000
J01/RackSlot7,[30363760472875],14.685,6.647,1.494,0.000,0.000,1.000,-0.000
D02/RackSlot14,[30385235309355],15.406,22.793,0.023,0.000,0.000,0.000,1.000
D02/RackSlot10,[30389530276651],14.685,23.413,2.230,0.000,0.000,1.000,-0.000
D02/RackSlot9,[30393825243947],14.685,22.172,1.494,0.000,0.000,1.000,-0.000
D02/RackSlot4,[30398120211243],14.685,23.413,0.768,0.000,0.000,1.000,-0.000
D02/RackSlot22,[30402415178539],15.330,23.413,2.230,0.000,0.000,0.000,1.000
D02/RackSlot5,[30406710145835],14.685,22.793,0.768,0.000,0.000,1.000,-0.000
D02/RackSlot2,[30411005113131],14.583,22.793,0.023,0.000,0.000,1.000,-0.000
D02/RackSlot3,[30415300080427],14.583,22.172,0.023,0.000,0.000,1.000,-0.000
D02/RackSlot19,[30419595047723],15.330,23.413,1.494,0.000,0.000,0.000,1.000
D02/RackSlot16,[30423890015019],15.330,23.413,0.768,0.000,0.000,0.000,1.000
D02/RackSlot6,[30428184982315],14.685,22.172,0.768,0.000,0.000,1.000,-0.000
D02/RackSlot1,[30432479949611],14.583,23.413,0.023,0.000,0.000,1.000,-0.000
D02/RackSlot11,[30436774916907],14.685,22.793,2.230,0.000,0.000,1.000,-0.000
D02/RackSlot17,[30441069884203],15.330,22.793,0.768,0.000,0.000,0.000,1.000
D02/RackSlot20,[30445364851499],15.330,22.793,1.494,0.000,0.000,0.000,1.000
D02/RackSlot12,[30449659818795],14.685,22.172,2.230,0.000,0.000,1.000,-0.000
D02/RackSlot18,[30453954786091],15.330,22.172,0.768,0.000,0.000,0.000,1.000
D02/RackSlot21,[30458249753387],15.330,22.172,1.494,0.000,0.000,0.000,1.000
D02/RackSlot23,[30462544720683],15.330,22.793,2.230,0.000,0.000,0.000,1.000
D02/RackSlot7,[30466839687979],14.685,23.413,1.494,0.000,0.000,1.000,-0.000
D02/RackSlot24,[30471134655275],15.330,22.172,2.230,0.000,0.000,0.000,1.000
D02/RackSlot15,[30475429622571],15.406,22.172,0.023,0.000,0.000,0.000,1.000
D02/RackSlot13,[30479724589867],15.406,23.413,0.023,0.000,0.000,0.000,1.000
D02/RackSlot8,[30484019557163],14.685,22.793,1.494,0.000,0.000,1.000,-0.000
D01/RackSlot24,[30488314524459],15.330,24.422,2.230,0.000,0.000,0.000,1.000
D01/RackSlot14,[30492609491755],15.406,25.043,0.023,0.000,0.000,0.000,1.000
D01/RackSlot20,[30496904459051],15.330,25.043,1.494,0.000,0.000,0.000,1.000
D01/RackSlot21,[30501199426347],15.330,24.422,1.494,0.000,0.000,0.000,1.000
D01/RackSlot19,[30505494393643],15.330,25.663,1.494,0.000,0.000,0.000,1.000
D01/RackSlot3,[30509789360939],14.583,24.422,0.023,0.000,0.000,1.000,-0.000
D01/RackSlot2,[30514084328235],14.583,25.043,0.023,0.000,0.000,1.000,-0.000
D01/RackSlot17,[30518379295531],15.330,25.043,0.768,0.000,0.000,0.000,1.000
D01/RackSlot6,[30522674262827],14.685,24.422,0.768,0.000,0.000,1.000,-0.000
D01/RackSlot12,[30526969230123],14.685,24.422,2.230,0.000,0.000,1.000,-0.000
D01/RackSlot18,[30531264197419],15.330,24.422,0.768,0.000,0.000,0.000,1.000
D01/RackSlot15,[30535559164715],15.406,24.422,0.023,0.000,0.000,0.000,1.000
D01/RackSlot1,[30539854132011],14.583,25.663,0.023,0.000,0.000,1.000,-0.000
D01/RackSlot23,[30544149099307],15.330,25.043,2.230,0.000,0.000,0.000,1.000
D01/RackSlot22,[30548444066603],15.330,25.663,2.230,0.000,0.000,0.000,1.000
D01/RackSlot8,[30552739033899],14.685,25.043,1.494,0.000,0.000,1.000,-0.000
D01/RackSlot4,[30557034001195],14.685,25.663,0.768,0.000,0.000,1.000,-0.000
D01/RackSlot10,[30561328968491],14.685,25.663,2.230,0.000,0.000,1.000,-0.000
D01/RackSlot16,[30565623935787],15.330,25.663,0.768,0.000,0.000,0.000,1.000
D01/RackSlot9,[30569918903083],14.685,24.422,1.494,0.000,0.000,1.000,-0.000
D01/RackSlot11,[30574213870379],14.685,25.043,2.230,0.000,0.000,1.000,-0.000
D01/RackSlot5,[30578508837675],14.685,25.043,0.768,0.000,0.000,1.000,-0.000
D01/RackSlot13,[30582803804971],15.406,25.663,0.023,0.000,0.000,0.000,1.000
D01/RackSlot7,[30587098772267],14.685,25.663,1.494,0.000,0.000,1.000,-0.000
D04/RackSlot14,[30608573608747],15.406,18.283,0.023,0.000,0.000,0.000,1.000
D04/RackSlot10,[30612868576043],14.685,18.903,2.230,0.000,0.000,1.000,-0.000
D04/RackSlot9,[30617163543339],14.685,17.662,1.494,0.000,0.000,1.000,-0.000
D04/RackSlot4,[30621458510635],14.685,18.903,0.768,0.000,0.000,1.000,-0.000
D04/RackSlot22,[30625753477931],15.330,18.903,2.230,0.000,0.000,0.000,1.000
D04/RackSlot5,[30630048445227],14.685,18.283,0.768,0.000,0.000,1.000,-0.000
D04/RackSlot2,[30634343412523],14.583,18.283,0.023,0.000,0.000,1.000,-0.000
D04/RackSlot3,[30638638379819],14.583,17.662,0.023,0.000,0.000,1.000,-0.000
D04/RackSlot19,[30642933347115],15.330,18.903,1.494,0.000,0.000,0.000,1.000
D04/RackSlot16,[30647228314411],15.330,18.903,0.768,0.000,0.000,0.000,1.000
D04/RackSlot6,[30651523281707],14.685,17.662,0.768,0.000,0.000,1.000,-0.000
D04/RackSlot1,[30655818249003],14.583,18.903,0.023,0.000,0.000,1.000,-0.000
D04/RackSlot11,[30660113216299],14.685,18.283,2.230,0.000,0.000,1.000,-0.000
D04/RackSlot17,[30664408183595],15.330,18.283,0.768,0.000,0.000,0.000,1.000
D04/RackSlot20,[30668703150891],15.330,18.283,1.494,0.000,0.000,0.000,1.000
D04/RackSlot12,[30672998118187],14.685,17.662,2.230,0.000,0.000,1.000,-0.000
D04/RackSlot18,[30677293085483],15.330,17.662,0.768,0.000,0.000,0.000,1.000
D04/RackSlot21,[30681588052779],15.330,17.662,1.494,0.000,0.000,0.000,1.000
D04/RackSlot23,[30685883020075],15.330,18.283,2.230,0.000,0.000,0.000,1.000
D04/RackSlot7,[30690177987371],14.685,18.903,1.494,0.000,0.000,1.000,-0.000
D04/RackSlot24,[30694472954667],15.330,17.662,2.230,0.000,0.000,0.000,1.000
D04/RackSlot15,[30698767921963],15.406,17.662,0.023,0.000,0.000,0.000,1.000
D04/RackSlot13,[30703062889259],15.406,18.903,0.023,0.000,0.000,0.000,1.000
D04/RackSlot8,[30707357856555],14.685,18.283,1.494,0.000,0.000,1.000,-0.000
D03/RackSlot24,[30711652823851],15.330,19.912,2.230,0.000,0.000,0.000,1.000
D03/RackSlot14,[30715947791147],15.406,20.534,0.023,0.000,0.000,0.000,1.000
D03/RackSlot20,[30720242758443],15.330,20.534,1.494,0.000,0.000,0.000,1.000
D03/RackSlot21,[30724537725739],15.330,19.912,1.494,0.000,0.000,0.000,1.000
D03/RackSlot19,[30728832693035],15.330,21.153,1.494,0.000,0.000,0.000,1.000
D03/RackSlot3,[30733127660331],14.583,19.912,0.023,0.000,0.000,1.000,-0.000
D03/RackSlot2,[30737422627627],14.583,20.534,0.023,0.000,0.000,1.000,-0.000
D03/RackSlot17,[30741717594923],15.330,20.534,0.768,0.000,0.000,0.000,1.000
D03/RackSlot6,[30746012562219],14.685,19.912,0.768,0.000,0.000,1.000,-0.000
D03/RackSlot12,[30750307529515],14.685,19.912,2.230,0.000,0.000,1.000,-0.000
D03/RackSlot18,[30754602496811],15.330,19.912,0.768,0.000,0.000,0.000,1.000
D03/RackSlot15,[30758897464107],15.406,19.912,0.023,0.000,0.000,0.000,1.000
D03/RackSlot1,[30763192431403],14.583,21.153,0.023,0.000,0.000,1.000,-0.000
D03/RackSlot23,[30767487398699],15.330,20.534,2.230,0.000,0.000,0.000,1.000
D03/RackSlot22,[30771782365995],15.330,21.153,2.230,0.000,0.000,0.000,1.000
D03/RackSlot8,[30776077333291],14.685,20.534,1.494,0.000,0.000,1.000,-0.000
D03/RackSlot4,[30780372300587],14.685,21.153,0.768,0.000,0.000,1.000,-0.000
D03/RackSlot10,[30784667267883],14.685,21.153,2.230,0.000,0.000,1.000,-0.000
D03/RackSlot16,[30788962235179],15.330,21.153,0.768,0.000,0.000,0.000,1.000
D03/RackSlot9,[30793257202475],14.685,19.912,1.494,0.000,0.000,1.000,-0.000
D03/RackSlot11,[30797552169771],14.685,20.534,2.230,0.000,0.000,1.000,-0.000
D03/RackSlot5,[30801847137067],14.685,20.534,0.768,0.000,0.000,1.000,-0.000
D03/RackSlot13,[30806142104363],15.406,21.153,0.023,0.000,0.000,0.000,1.000
D03/RackSlot7,[30810437071659],14.685,21.153,1.494,0.000,0.000,1.000,-0.000
H02/RackSlot14,[30836206875435],25.406,3.777,0.023,0.000,0.000,0.000,1.000
H02/RackSlot10,[30840501842731],24.685,4.397,2.230,0.000,0.000,1.000,-0.000
H02/RackSlot9,[30844796810027],24.685,3.156,1.494,0.000,0.000,1.000,-0.000
H02/RackSlot4,[30849091777323],24.685,4.397,0.768,0.000,0.000,1.000,-0.000
H02/RackSlot22,[30853386744619],25.330,4.397,2.230,0.000,0.000,0.000,1.000
H02/RackSlot5,[30857681711915],24.685,3.777,0.768,0.000,0.000,1.000,-0.000
H02/RackSlot2,[30861976679211],24.583,3.777,0.023,0.000,0.000,1.000,-0.000
H02/RackSlot3,[30866271646507],24.583,3.156,0.023,0.000,0.000,1.000,-0.000
H02/RackSlot19,[30870566613803],25.330,4.397,1.494,0.000,0.000,0.000,1.000
H02/RackSlot16,[30874861581099],25.330,4.397,0.768,0.000,0.000,0.000,1.000
H02/RackSlot6,[30879156548395],24.685,3.156,0.768,0.000,0.000,1.000,-0.000
H02/RackSlot1,[30883451515691],24.583,4.397,0.023,0.000,0.000,1.000,-0.000
H02/RackSlot11,[30887746482987],24.685,3.777,2.230,0.000,0.000,1.000,-0.000
H02/RackSlot17,[30892041450283],25.330,3.777,0.768,0.000,0.000,0.000,1.000
H02/RackSlot20,[30896336417579],25.330,3.777,1.494,0.000,0.000,0.000,1.000
H02/RackSlot12,[30900631384875],24.685,3.156,2.230,0.000,0.000,1.000,-0.000
H02/RackSlot18,[30904926352171],25.330,3.156,0.768,0.000,0.000,0.000,1.000
H02/RackSlot21,[30909221319467],25.330,3.156,1.494,0.000,0.000,0.000,1.000
H02/RackSlot23,[30913516286763],25.330,3.777,2.230,0.000,0.000,0.000,1.000
H02/RackSlot7,[30917811254059],24.685,4.397,1.494,0.000,0.000,1.000,-0.000
H02/RackSlot24,[30922106221355],25.330,3.156,2.230,0.000,0.000,0.000,1.000
H02/RackSlot15,[30926401188651],25.406,3.156,0.023,0.000,0.000,0.000,1.000
H02/RackSlot13,[30930696155947],25.406,4.397,0.023,0.000,0.000,0.000,1.000
H02/RackSlot8,[30934991123243],24.685,3.777,1.494,0.000,0.000,1.000,-0.000
H01/RackSlot24,[30939286090539],25.330,5.406,2.230,0.000,0.000,0.000,1.000
H01/RackSlot14,[30943581057835],25.406,6.027,0.023,0.000,0.000,0.000,1.000
H01/RackSlot20,[30947876025131],25.330,6.027,1.494,0.000,0.000,0.000,1.000
H01/RackSlot21,[30952170992427],25.330,5.406,1.494,0.000,0.000,0.000,1.000
H01/RackSlot19,[30956465959723],25.330,6.647,1.494,0.000,0.000,0.000,1.000
H01/RackSlot3,[30960760927019],24.583,5.406,0.023,0.000,0.000,1.000,-0.000
H01/RackSlot2,[30965055894315],24.583,6.027,0.023,0.000,0.000,1.000,-0.000
H01/RackSlot17,[30969350861611],25.330,6.027,0.768,0.000,0.000,0.000,1.000
H01/RackSlot6,[30973645828907],24.685,5.406,0.768,0.000,0.000,1.000,-0.000
H01/RackSlot12,[30977940796203],24.685,5.406,2.230,0.000,0.000,1.000,-0.000
H01/RackSlot18,[30982235763499],25.330,5.406,0.768,0.000,0.000,0.000,1.000
H01/RackSlot15,[30986530730795],25.406,5.406,0.023,0.000,0.000,0.000,1.000
H01/RackSlot1,[30990825698091],24.583,6.647,0.023,0.000,0.000,1.000,-0.000
H01/RackSlot23,[30995120665387],25.330,6.027,2.230,0.000,0.000,0.000,1.000
H01/RackSlot22,[30999415632683],25.330,6.647,2.230,0.000,0.000,0.000,1.000
H01/RackSlot8,[31003710599979],24.685,6.027,1.494,0.000,0.000,1.000,-0.000
H01/RackSlot4,[31008005567275],24.685,6.647,0.768,0.000,0.000,1.000,-0.000
H01/RackSlot10,[31012300534571],24.685,6.647,2.230,0.000,0.000,1.000,-0.000
H01/RackSlot16,[31016595501867],25.330,6.647,0.768,0.000,0.000,0.000,1.000
H01/RackSlot9,[31020890469163],24.685,5.406,1.494,0.000,0.000,1.000,-0.000
H01/RackSlot11,[31025185436459],24.685,6.027,2.230,0.000,0.000,1.000,-0.000
H01/RackSlot5,[31029480403755],24.685,6.027,0.768,0.000,0.000,1.000,-0.000
H01/RackSlot13,[31033775371051],25.406,6.647,0.023,0.000,0.000,0.000,1.000
H01/RackSlot7,[31038070338347],24.685,6.647,1.494,0.000,0.000,1.000,-0.000
L04/RackSlot14,[31055250207531],13.032,1.110,0.023,0.000,0.000,0.707,0.707
L04/RackSlot10,[31059545174827],12.412,0.390,2.230,0.000,0.000,0.707,-0.707
L04/RackSlot9,[31063840142123],13.653,0.390,1.494,0.000,0.000,0.707,-0.707
L04/RackSlot4,[31068135109419],12.412,0.390,0.768,0.000,0.000,0.707,-0.707
L04/RackSlot22,[31072430076715],12.412,1.034,2.230,0.000,0.000,0.707,0.707
L04/RackSlot5,[31076725044011],13.032,0.390,0.768,0.000,0.000,0.707,-0.707
L04/RackSlot2,[31081020011307],13.032,0.287,0.023,0.000,0.000,0.707,-0.707
L04/RackSlot3,[31085314978603],13.653,0.287,0.023,0.000,0.000,0.707,-0.707
L04/RackSlot19,[31089609945899],12.412,1.034,1.494,0.000,0.000,0.707,0.707
L04/RackSlot16,[31093904913195],12.412,1.034,0.768,0.000,0.000,0.707,0.707
L04/RackSlot6,[31098199880491],13.653,0.390,0.768,0.000,0.000,0.707,-0.707
L04/RackSlot1,[31102494847787],12.412,0.287,0.023,0.000,0.000,0.707,-0.707
L04/RackSlot11,[31106789815083],13.032,0.390,2.230,0.000,0.000,0.707,-0.707
L04/RackSlot17,[31111084782379],13.032,1.034,0.768,0.000,0.000,0.707,0.707
L04/RackSlot20,[31115379749675],13.032,1.034,1.494,0.000,0.000,0.707,0.707
L04/RackSlot12,[31119674716971],13.653,0.390,2.230,0.000,0.000,0.707,-0.707
L04/RackSlot18,[31123969684267],13.653,1.034,0.768,0.000,0.000,0.707,0.707
L04/RackSlot21,[31128264651563],13.653,1.034,1.494,0.000,0.000,0.707,0.707
L04/RackSlot23,[31132559618859],13.032,1.034,2.230,0.000,0.000,0.707,0.707
L04/RackSlot7,[31136854586155],12.412,0.390,1.494,0.000,0.000,0.707,-0.707
L04/RackSlot24,[31141149553451],13.653,1.034,2.230,0.000,0.000,0.707,0.707
L04/RackSlot15,[31145444520747],13.653,1.110,0.023,0.000,0.000,0.707,0.707
L04/RackSlot13,[31149739488043],12.412,1.110,0.023,0.000,0.000,0.707,0.707
L04/RackSlot8,[31154034455339],13.032,0.390,1.494,0.000,0.000,0.707,-0.707
L03/RackSlot24,[31158329422635],11.403,1.034,2.230,0.000,0.000,0.707,0.707
L03/RackSlot14,[31162624389931],10.781,1.110,0.023,0.000,0.000,0.707,0.707
L03/RackSlot20,[31166919357227],10.781,1.034,1.494,0.000,0.000,0.707,0.707
L03/RackSlot21,[31171214324523],11.403,1.034,1.494,0.000,0.000,0.707,0.707
L03/RackSlot19,[31175509291819],10.161,1.034,1.494,0.000,0.000,0.707,0.707
L03/RackSlot3,[31179804259115],11.403,0.287,0.023,0.000,0.000,0.707,-0.707
L03/RackSlot2,[31184099226411],10.781,0.287,0.023,0.000,0.000,0.707,-0.707
L03/RackSlot17,[31188394193707],10.781,1.034,0.768,0.000,0.000,0.707,0.707
L03/RackSlot6,[31192689161003],11.403,0.390,0.768,0.000,0.000,0.707,-0.707
L03/RackSlot12,[31196984128299],11.403,0.390,2.230,0.000,0.000,0.707,-0.707
L03/RackSlot18,[31201279095595],11.403,1.034,0.768,0.000,0.000,0.707,0.707
L03/RackSlot15,[31205574062891],11.403,1.110,0.023,0.000,0.000,0.707,0.707
L03/RackSlot1,[31209869030187],10.161,0.287,0.023,0.000,0.000,0.707,-0.707
L03/RackSlot23,[31214163997483],10.781,1.034,2.230,0.000,0.000,0.707,0.707
L03/RackSlot22,[31218458964779],10.161,1.034,2.230,0.000,0.000,0.707,0.707
L03/RackSlot8,[31222753932075],10.781,0.390,1.494,0.000,0.000,0.707,-0.707
L03/RackSlot4,[31227048899371],10.161,0.390,0.768,0.000,0.000,0.707,-0.707
L03/RackSlot10,[31231343866667],10.161,0.390,2.230,0.000,0.000,0.707,-0.707
L03/RackSlot16,[31235638833963],10.161,1.034,0.768,0.000,0.000,0.707,0.707
L03/RackSlot9,[31239933801259],11.403,0.390,1.494,0.000,0.000,0.707,-0.707
L03/RackSlot11,[31244228768555],10.781,0.390,2.230,0.000,0.000,0.707,-0.707
L03/RackSlot5,[31248523735851],10.781,0.390,0.768,0.000,0.000,0.707,-0.707
L03/RackSlot13,[31252818703147],10.161,1.110,0.023,0.000,0.000,0.707,0.707
L03/RackSlot7,[31257113670443],10.161,0.390,1.494,0.000,0.000,0.707,-0.707
L08/RackSlot14,[31274293539627],22.041,1.110,0.023,0.000,0.000,0.707,0.707
L08/RackSlot10,[31278588506923],21.422,0.390,2.230,0.000,0.000,0.707,-0.707
L08/RackSlot9,[31282883474219],22.663,0.390,1.494,0.000,0.000,0.707,-0.707
L08/RackSlot4,[31287178441515],21.422,0.390,0.768,0.000,0.000,0.707,-0.707
L08/RackSlot22,[31291473408811],21.422,1.034,2.230,0.000,0.000,0.707,0.707
L08/RackSlot5,[31295768376107],22.041,0.390,0.768,0.000,0.000,0.707,-0.707
L08/RackSlot2,[31300063343403],22.041,0.287,0.023,0.000,0.000,0.707,-0.707
L08/RackSlot3,[31304358310699],22.663,0.287,0.023,0.000,0.000,0.707,-0.707
L08/RackSlot19,[31308653277995],21.422,1.034,1.494,0.000,0.000,0.707,0.707
L08/RackSlot16,[31312948245291],21.422,1.034,0.768,0.000,0.000,0.707,0.707
L08/RackSlot6,[31317243212587],22.663,0.390,0.768,0.000,0.000,0.707,-0.707
L08/RackSlot1,[31321538179883],21.422,0.287,0.023,0.000,0.000,0.707,-0.707
L08/RackSlot11,[31325833147179],22.041,0.390,2.230,0.000,0.000,0.707,-0.707
L08/RackSlot17,[31330128114475],22.041,1.034,0.768,0.000,0.000,0.707,0.707
L08/RackSlot20,[31334423081771],22.041,1.034,1.494,0.000,0.000,0.707,0.707
L08/RackSlot12,[31338718049067],22.663,0.390,2.230,0.000,0.000,0.707,-0.707
L08/RackSlot18,[31343013016363],22.663,1.034,0.768,0.000,0.000,0.707,0.707
L08/RackSlot21,[31347307983659],22.663,1.034,1.494,0.000,0.000,0.707,0.707
L08/RackSlot23,[31351602950955],22.041,1.034,2.230,0.000,0.000,0.707,0.707
L08/RackSlot7,[31355897918251],21.422,0.390,1.494,0.000,0.000,0.707,-0.707
L08/RackSlot24,[31360192885547],22.663,1.034,2.230,0.000,0.000,0.707,0.707
L08/RackSlot15,[31364487852843],22.663,1.110,0.023,0.000,0.000,0.707,0.707
L08/RackSlot13,[31368782820139],21.422,1.110,0.023,0.000,0.000,0.707,0.707
L08/RackSlot8,[31373077787435],22.041,0.390,1.494,0.000,0.000,0.707,-0.707
L07/RackSlot24,[31377372754731],20.412,1.034,2.230,0.000,0.000,0.707,0.707
L07/RackSlot14,[31381667722027],19.791,1.110,0.023,0.000,0.000,0.707,0.707
L07/RackSlot20,[31385962689323],19.791,1.034,1.494,0.000,0.000,0.707,0.707
L07/RackSlot21,[31390257656619],20.412,1.034,1.494,0.000,0.000,0.707,0.707
L07/RackSlot19,[31394552623915],19.171,1.034,1.494,0.000,0.000,0.707,0.707
L07/RackSlot3,[31398847591211],20.412,0.287,0.023,0.000,0.000,0.707,-0.707
L07/RackSlot2,[31403142558507],19.791,0.287,0.023,0.000,0.000,0.707,-0.707
L07/RackSlot17,[31407437525803],19.791,1.034,0.768,0.000,0.000,0.707,0.707
L07/RackSlot6,[31411732493099],20.412,0.390,0.768,0.000,0.000,0.707,-0.707
L07/RackSlot12,[31416027460395],20.412,0.390,2.230,0.000,0.000,0.707,-0.707
L07/RackSlot18,[31420322427691],20.412,1.034,0.768,0.000,0.000,0.707,0.707
L07/RackSlot15,[31424617394987],20.412,1.110,0.023,0.000,0.000,0.707,0.707
L07/RackSlot1,[31428912362283],19.171,0.287,0.023,0.000,0.000,0.707,-0.707
L07/RackSlot23,[31433207329579],19.791,1.034,2.230,0.000,0.000,0.707,0.707
L07/RackSlot22,[31437502296875],19.171,1.034,2.230,0.000,0.000,0.707,0.707
L07/RackSlot8,[31441797264171],19.791,0.390,1.494,0.000,0.000,0.707,-0.707
L07/RackSlot4,[31446092231467],19.171,0.390,0.768,0.000,0.000,0.707,-0.707
L07/RackSlot10,[31450387198763],19.171,0.390,2.230,0.000,0.000,0.707,-0.707
L07/RackSlot16,[31454682166059],19.171,1.034,0.768,0.000,0.000,0.707,0.707
L07/RackSlot9,[31458977133355],20.412,0.390,1.494,0.000,0.000,0.707,-0.707
L07/RackSlot11,[31463272100651],19.791,0.390,2.230,0.000,0.000,0.707,-0.707
L07/RackSlot5,[31467567067947],19.791,0.390,0.768,0.000,0.000,0.707,-0.707
L07/RackSlot13,[31471862035243],19.171,1.110,0.023,0.000,0.000,0.707,0.707
L07/RackSlot7,[31476157002539],19.171,0.390,1.494,0.000,0.000,0.707,-0.707
L06/RackSlot14,[31493336871723],17.535,1.110,0.023,0.000,0.000,0.707,0.707
L06/RackSlot10,[31497631839019],16.915,0.390,2.230,0.000,0.000,0.707,-0.707
L06/RackSlot9,[31501926806315],18.156,0.390,1.494,0.000,0.000,0.707,-0.707
L06/RackSlot4,[31506221773611],16.915,0.390,0.768,0.000,0.000,0.707,-0.707
L06/RackSlot22,[31510516740907],16.915,1.034,2.230,0.000,0.000,0.707,0.707
L06/RackSlot5,[31514811708203],17.535,0.390,0.768,0.000,0.000,0.707,-0.707
L06/RackSlot2,[31519106675499],17.535,0.287,0.023,0.000,0.000,0.707,-0.707
L06/RackSlot3,[31523401642795],18.156,0.287,0.023,0.000,0.000,0.707,-0.707
L06/RackSlot19,[31527696610091],16.915,1.034,1.494,0.000,0.000,0.707,0.707
L06/RackSlot16,[31531991577387],16.915,1.034,0.768,0.000,0.000,0.707,0.707
L06/RackSlot6,[31536286544683],18.156,0.390,0.768,0.000,0.000,0.707,-0.707
L06/RackSlot1,[31540581511979],16.915,0.287,0.023,0.000,0.000,0.707,-0.707
L06/RackSlot11,[31544876479275],17.535,0.390,2.230,0.000,0.000,0.707,-0.707
L06/RackSlot17,[31549171446571],17.535,1.034,0.768,0.000,0.000,0.707,0.707
L06/RackSlot20,[31553466413867],17.535,1.034,1.494,0.000,0.000,0.707,0.707
L06/RackSlot12,[31557761381163],18.156,0.390,2.230,0.000,0.000,0.707,-0.707
L06/RackSlot18,[31562056348459],18.156,1.034,0.768,0.000,0.000,0.707,0.707
L06/RackSlot21,[31566351315755],18.156,1.034,1.494,0.000,0.000,0.707,0.707
L06/RackSlot23,[31570646283051],17.535,1.034,2.230,0.000,0.000,0.707,0.707
L06/RackSlot7,[31574941250347],16.915,0.390,1.494,0.000,0.000,0.707,-0.707
L06/RackSlot24,[31579236217643],18.156,1.034,2.230,0.000,0.000,0.707,0.707
L06/RackSlot15,[31583531184939],18.156,1.110,0.023,0.000,0.000,0.707,0.707
L06/RackSlot13,[31587826152235],16.915,1.110,0.023,0.000,0.000,0.707,0.707
L06/RackSlot8,[31592121119531],17.535,0.390,1.494,0.000,0.000,0.707,-0.707
L05/RackSlot24,[31596416086827],15.906,1.034,2.230,0.000,0.000,0.707,0.707
L05/RackSlot14,[31600711054123],15.285,1.110,0.023,0.000,0.000,0.707,0.707
L05/RackSlot20,[31605006021419],15.285,1.034,1.494,0.000,0.000,0.707,0.707
L05/RackSlot21,[31609300988715],15.906,1.034,1.494,0.000,0.000,0.707,0.707
L05/RackSlot19,[31613595956011],14.665,1.034,1.494,0.000,0.000,0.707,0.707
L05/RackSlot3,[31617890923307],15.906,0.287,0.023,0.000,0.000,0.707,-0.707
L05/RackSlot2,[31622185890603],15.285,0.287,0.023,0.000,0.000,0.707,-0.707
L05/RackSlot17,[31626480857899],15.285,1.034,0.768,0.000,0.000,0.707,0.707
L05/RackSlot6,[31630775825195],15.906,0.390,0.768,0.000,0.000,0.707,-0.707
L05/RackSlot12,[31635070792491],15.906,0.390,2.230,0.000,0.000,0.707,-0.707
L05/RackSlot18,[31639365759787],15.906,1.034,0.768,0.000,0.000,0.707,0.707
L05/RackSlot15,[31643660727083],15.906,1.110,0.023,0.000,0.000,0.707,0.707
L05/RackSlot1,[31647955694379],14.665,0.287,0.023,0.000,0.000,0.707,-0.707
L05/RackSlot23,[31652250661675],15.285,1.034,2.230,0.000,0.000,0.707,0.707
L05/RackSlot22,[31656545628971],14.665,1.034,2.230,0.000,0.000,0.707,0.707
L05/RackSlot8,[31660840596267],15.285,0.390,1.494,0.000,0.000,0.707,-0.707
L05/RackSlot4,[31665135563563],14.665,0.390,0.768,0.000,0.000,0.707,-0.707
L05/RackSlot10,[31669430530859],14.665,0.390,2.230,0.000,0.000,0.707,-0.707
L05/RackSlot16,[31673725498155],14.665,1.034,0.768,0.000,0.000,0.707,0.707
L05/RackSlot9,[31678020465451],15.906,0.390,1.494,0.000,0.000,0.707,-0.707
L05/RackSlot11,[31682315432747],15.285,0.390,2.230,0.000,0.000,0.707,-0.707
L05/RackSlot5,[31686610400043],15.285,0.390,0.768,0.000,0.000,0.707,-0.707
L05/RackSlot13,[31690905367339],14.665,1.110,0.023,0.000,0.000,0.707,0.707
L05/RackSlot7,[31695200334635],14.665,0.390,1.494,0.000,0.000,0.707,-0.707
L10/RackSlot14,[31716675171115],26.544,1.110,0.023,0.000,0.000,0.707,0.707
L10/RackSlot10,[31720970138411],25.924,0.390,2.230,0.000,0.000,0.707,-0.707
L10/RackSlot9,[31725265105707],27.166,0.390,1.494,0.000,0.000,0.707,-0.707
L10/RackSlot4,[31729560073003],25.924,0.390,0.768,0.000,0.000,0.707,-0.707
L10/RackSlot22,[31733855040299],25.924,1.034,2.230,0.000,0.000,0.707,0.707
L10/RackSlot5,[31738150007595],26.544,0.390,0.768,0.000,0.000,0.707,-0.707
L10/RackSlot2,[31742444974891],26.544,0.287,0.023,0.000,0.000,0.707,-0.707
L10/RackSlot3,[31746739942187],27.166,0.287,0.023,0.000,0.000,0.707,-0.707
L10/RackSlot19,[31751034909483],25.924,1.034,1.494,0.000,0.000,0.707,0.707
L10/RackSlot16,[31755329876779],25.924,1.034,0.768,0.000,0.000,0.707,0.707
L10/RackSlot6,[31759624844075],27.166,0.390,0.768,0.000,0.000,0.707,-0.707
L10/RackSlot1,[31763919811371],25.924,0.287,0.023,0.000,0.000,0.707,-0.707
L10/RackSlot11,[31768214778667],26.544,0.390,2.230,0.000,0.000,0.707,-0.707
L10/RackSlot17,[31772509745963],26.544,1.034,0.768,0.000,0.000,0.707,0.707
L10/RackSlot20,[31776804713259],26.544,1.034,1.494,0.000,0.000,0.707,0.707
L10/RackSlot12,[31781099680555],27.166,0.390,2.230,0.000,0.000,0.707,-0.707
L10/RackSlot18,[31785394647851],27.166,1.034,0.768,0.000,0.000,0.707,0.707
L10/RackSlot21,[31789689615147],27.166,1.034,1.494,0.000,0.000,0.707,0.707
L10/RackSlot23,[31793984582443],26.544,1.034,2.230,0.000,0.000,0.707,0.707
L10/RackSlot7,[31798279549739],25.924,0.390,1.494,0.000,0.000,0.707,-0.707
L10/RackSlot24,[31802574517035],27.166,1.034,2.230,0.000,0.000,0.707,0.707
L10/RackSlot15,[31806869484331],27.166,1.110,0.023,0.000,0.000,0.707,0.707
L10/RackSlot13,[31811164451627],25.924,1.110,0.023,0.000,0.000,0.707,0.707
L10/RackSlot8,[31815459418923],26.544,0.390,1.494,0.000,0.000,0.707,-0.707
L09/RackSlot24,[31819754386219],24.915,1.034,2.230,0.000,0.000,0.707,0.707
L09/RackSlot14,[31824049353515],24.294,1.110,0.023,0.000,0.000,0.707,0.707
L09/RackSlot20,[31828344320811],24.294,1.034,1.494,0.000,0.000,0.707,0.707
L09/RackSlot21,[31832639288107],24.915,1.034,1.494,0.000,0.000,0.707,0.707
L09/RackSlot19,[31836934255403],23.674,1.034,1.494,0.000,0.000,0.707,0.707
L09/RackSlot3,[31841229222699],24.915,0.287,0.023,0.000,0.000,0.707,-0.707
L09/RackSlot2,[31845524189995],24.294,0.287,0.023,0.000,0.000,0.707,-0.707
L09/RackSlot17,[31849819157291],24.294,1.034,0.768,0.000,0.000,0.707,0.707
L09/RackSlot6,[31854114124587],24.915,0.390,0.768,0.000,0.000,0.707,-0.707
L09/RackSlot12,[31858409091883],24.915,0.390,2.230,0.000,0.000,0.707,-0.707
L09/RackSlot18,[31862704059179],24.915,1.034,0.768,0.000,0.000,0.707,0.707
L09/RackSlot15,[31866999026475],24.915,1.110,0.023,0.000,0.000,0.707,0.707
L09/RackSlot1,[31871293993771],23.674,0.287,0.023,0.000,0.000,0.707,-0.707
L09/RackSlot23,[31875588961067],24.294,1.034,2.230,0.000,0.000,0.707,0.707
L09/RackSlot22,[31879883928363],23.674,1.034,2.230,0.000,0.000,0.707,0.707
L09/RackSlot8,[31884178895659],24.294,0.390,1.494,0.000,0.000,0.707,-0.707
L09/RackSlot4,[31888473862955],23.674,0.390,0.768,0.000,0.000,0.707,-0.707
L09/RackSlot10,[31892768830251],23.674,0.390,2.230,0.000,0.000,0.707,-0.707
L09/RackSlot16,[31897063797547],23.674,1.034,0.768,0.000,0.000,0.707,0.707
L09/RackSlot9,[31901358764843],24.915,0.390,1.494,0.000,0.000,0.707,-0.707
L09/RackSlot11,[31905653732139],24.294,0.390,2.230,0.000,0.000,0.707,-0.707
L09/RackSlot5,[31909948699435],24.294,0.390,0.768,0.000,0.000,0.707,-0.707
L09/RackSlot13,[31914243666731],23.674,1.110,0.023,0.000,0.000,0.707,0.707
L09/RackSlot7,[31918538634027],23.674,0.390,1.494,0.000,0.000,0.707,-0.707
L02/RackSlot14,[31940013470507],8.525,1.110,0.023,0.000,0.000,0.707,0.707
L02/RackSlot10,[31944308437803],7.905,0.390,2.230,0.000,0.000,0.707,-0.707
L02/RackSlot9,[31948603405099],9.146,0.390,1.494,0.000,0.000,0.707,-0.707
L02/RackSlot4,[31952898372395],7.905,0.390,0.768,0.000,0.000,0.707,-0.707
L02/RackSlot22,[31957193339691],7.905,1.034,2.230,0.000,0.000,0.707,0.707
L02/RackSlot5,[31961488306987],8.525,0.390,0.768,0.000,0.000,0.707,-0.707
L02/RackSlot2,[31965783274283],8.525,0.287,0.023,0.000,0.000,0.707,-0.707
L02/RackSlot3,[31970078241579],9.146,0.287,0.023,0.000,0.000,0.707,-0.707
L02/RackSlot19,[31974373208875],7.905,1.034,1.494,0.000,0.000,0.707,0.707
L02/RackSlot16,[31978668176171],7.905,1.034,0.768,0.000,0.000,0.707,0.707
L02/RackSlot6,[31982963143467],9.146,0.390,0.768,0.000,0.000,0.707,-0.707
L02/RackSlot1,[31987258110763],7.905,0.287,0.023,0.000,0.000,0.707,-0.707
L02/RackSlot11,[31991553078059],8.525,0.390,2.230,0.000,0.000,0.707,-0.707
L02/RackSlot17,[31995848045355],8.525,1.034,0.768,0.000,0.000,0.707,0.707
L02/RackSlot20,[32000143012651],8.525,1.034,1.494,0.000,0.000,0.707,0.707
L02/RackSlot12,[32004437979947],9.146,0.390,2.230,0.000,0.000,0.707,-0.707
L02/RackSlot18,[32008732947243],9.146,1.034,0.768,0.000,0.000,0.707,0.707
L02/RackSlot21,[32013027914539],9.146,1.034,1.494,0.000,0.000,0.707,0.707
L02/RackSlot23,[32017322881835],8.525,1.034,2.230,0.000,0.000,0.707,0.707
L02/RackSlot7,[32021617849131],7.905,0.390,1.494,0.000,0.000,0.707,-0.707
L02/RackSlot24,[32025912816427],9.146,1.034,2.230,0.000,0.000,0.707,0.707
L02/RackSlot15,[32030207783723],9.146,1.110,0.023,0.000,0.000,0.707,0.707
L02/RackSlot13,[32034502751019],7.905,1.110,0.023,0.000,0.000,0.707,0.707
L02/RackSlot8,[32038797718315],8.525,0.390,1.494,0.000,0.000,0.707,-0.707
L01/RackSlot24,[32043092685611],6.896,1.034,2.230,0.000,0.000,0.707,0.707
L01/RackSlot14,[32047387652907],6.275,1.110,0.023,0.000,0.000,0.707,0.707
L01/RackSlot20,[32051682620203],6.275,1.034,1.494,0.000,0.000,0.707,0.707
L01/RackSlot21,[32055977587499],6.896,1.034,1.494,0.000,0.000,0.707,0.707
L01/RackSlot19,[32060272554795],5.655,1.034,1.494,0.000,0.000,0.707,0.707
L01/RackSlot3,[32064567522091],6.896,0.287,0.023,0.000,0.000,0.707,-0.707
L01/RackSlot2,[32068862489387],6.275,0.287,0.023,0.000,0.000,0.707,-0.707
L01/RackSlot17,[32073157456683],6.275,1.034,0.768,0.000,0.000,0.707,0.707
L01/RackSlot6,[32077452423979],6.896,0.390,0.768,0.000,0.000,0.707,-0.707
L01/RackSlot12,[32081747391275],6.896,0.390,2.230,0.000,0.000,0.707,-0.707
L01/RackSlot18,[32086042358571],6.896,1.034,0.768,0.000,0.000,0.707,0.707
L01/RackSlot15,[32090337325867],6.896,1.110,0.023,0.000,0.000,0.707,0.707
L01/RackSlot1,[32094632293163],5.655,0.287,0.023,0.000,0.000,0.707,-0.707
L01/RackSlot23,[32098927260459],6.275,1.034,2.230,0.000,0.000,0.707,0.707
L01/RackSlot22,[32103222227755],5.655,1.034,2.230,0.000,0.000,0.707,0.707
L01/RackSlot8,[32107517195051],6.275,0.390,1.494,0.000,0.000,0.707,-0.707
L01/RackSlot4,[32111812162347],5.655,0.390,0.768,0.000,0.000,0.707,-0.707
L01/RackSlot10,[32116107129643],5.655,0.390,2.230,0.000,0.000,0.707,-0.707
L01/RackSlot16,[32120402096939],5.655,1.034,0.768,0.000,0.000,0.707,0.707
L01/RackSlot9,[32124697064235],6.896,0.390,1.494,0.000,0.000,0.707,-0.707
L01/RackSlot11,[32128992031531],6.275,0.390,2.230,0.000,0.000,0.707,-0.707
L01/RackSlot5,[32133286998827],6.275,0.390,0.768,0.000,0.000,0.707,-0.707
L01/RackSlot13,[32137581966123],5.655,1.110,0.023,0.000,0.000,0.707,0.707
L01/RackSlot7,[32141876933419],5.655,0.390,1.494,0.000,0.000,0.707,-0.707
F10/RackSlot14,[32163351769899],26.544,29.598,0.023,0.000,0.000,0.707,0.707
F10/RackSlot10,[32167646737195],25.924,28.877,2.230,0.000,0.000,0.707,-0.707
F10/RackSlot9,[32171941704491],27.166,28.877,1.494,0.000,0.000,0.707,-0.707
F10/RackSlot4,[32176236671787],25.924,28.877,0.768,0.000,0.000,0.707,-0.707
F10/RackSlot22,[32180531639083],25.924,29.522,2.230,0.000,0.000,0.707,0.707
F10/RackSlot5,[32184826606379],26.544,28.877,0.768,0.000,0.000,0.707,-0.707
F10/RackSlot2,[32189121573675],26.544,28.775,0.023,0.000,0.000,0.707,-0.707
F10/RackSlot3,[32193416540971],27.166,28.775,0.023,0.000,0.000,0.707,-0.707
F10/RackSlot19,[32197711508267],25.924,29.522,1.494,0.000,0.000,0.707,0.707
F10/RackSlot16,[32202006475563],25.924,29.522,0.768,0.000,0.000,0.707,0.707
F10/RackSlot6,[32206301442859],27.166,28.877,0.768,0.000,0.000,0.707,-0.707
F10/RackSlot1,[32210596410155],25.924,28.775,0.023,0.000,0.000,0.707,-0.707
F10/RackSlot11,[32214891377451],26.544,28.877,2.230,0.000,0.000,0.707,-0.707
F10/RackSlot17,[32219186344747],26.544,29.522,0.768,0.000,0.000,0.707,0.707
F10/RackSlot20,[32223481312043],26.544,29.522,1.494,0.000,0.000,0.707,0.707
F10/RackSlot12,[32227776279339],27.166,28.877,2.230,0.000,0.000,0.707,-0.707
F10/RackSlot18,[32232071246635],27.166,29.522,0.768,0.000,0.000,0.707,0.707
F10/RackSlot21,[32236366213931],27.166,29.522,1.494,0.000,0.000,0.707,0.707
F10/RackSlot23,[32240661181227],26.544,29.522,2.230,0.000,0.000,0.707,0.707
F10/RackSlot7,[32244956148523],25.924,28.877,1.494,0.000,0.000,0.707,-0.707
F10/RackSlot24,[32249251115819],27.166,29.522,2.230,0.000,0.000,0.707,0.707
F10/RackSlot15,[32253546083115],27.166,29.598,0.023,0.000,0.000,0.707,0.707
F10/RackSlot13,[32257841050411],25.924,29.598,0.023,0.000,0.000,0.707,0.707
F10/RackSlot8,[32262136017707],26.544,28.877,1.494,0.000,0.000,0.707,-0.707
F09/RackSlot24,[32266430985003],24.915,29.522,2.230,0.000,0.000,0.707,0.707
F09/RackSlot14,[32270725952299],24.294,29.598,0.023,0.000,0.000,0.707,0.707
F09/RackSlot20,[32275020919595],24.294,29.522,1.494,0.000,0.000,0.707,0.707
F09/RackSlot21,[32279315886891],24.915,29.522,1.494,0.000,0.000,0.707,0.707
F09/RackSlot19,[32283610854187],23.674,29.522,1.494,0.000,0.000,0.707,0.707
F09/RackSlot3,[32287905821483],24.915,28.775,0.023,0.000,0.000,0.707,-0.707
F09/RackSlot2,[32292200788779],24.294,28.775,0.023,0.000,0.000,0.707,-0.707
F09/RackSlot17,[32296495756075],24.294,29.522,0.768,0.000,0.000,0.707,0.707
F09/RackSlot6,[32300790723371],24.915,28.877,0.768,0.000,0.000,0.707,-0.707
F09/RackSlot12,[32305085690667],24.915,28.877,2.230,0.000,0.000,0.707,-0.707
F09/RackSlot18,[32309380657963],24.915,29.522,0.768,0.000,0.000,0.707,0.707
F09/RackSlot15,[32313675625259],24.915,29.598,0.023,0.000,0.000,0.707,0.707
F09/RackSlot1,[32317970592555],23.674,28.775,0.023,0.000,0.000,0.707,-0.707
F09/RackSlot23,[32322265559851],24.294,29.522,2.230,0.000,0.000,0.707,0.707
F09/RackSlot22,[32326560527147],23.674,29.522,2.230,0.000,0.000,0.707,0.707
F09/RackSlot8,[32330855494443],24.294,28.877,1.494,0.000,0.000,0.707,-0.707
F09/RackSlot4,[32335150461739],23.674,28.877,0.768,0.000,0.000,0.707,-0.707
F09/RackSlot10,[32339445429035],23.674,28.877,2.230,0.000,0.000,0.707,-0.707
F09/RackSlot16,[32343740396331],23.674,29.522,0.768,0.000,0.000,0.707,0.707
F09/RackSlot9,[32348035363627],24.915,28.877,1.494,0.000,0.000,0.707,-0.707
F09/RackSlot11,[32352330330923],24.294,28.877,2.230,0.000,0.000,0.707,-0.707
F09/RackSlot5,[32356625298219],24.294,28.877,0.768,0.000,0.000,0.707,-0.707
F09/RackSlot13,[32360920265515],23.674,29.598,0.023,0.000,0.000,0.707,0.707
F09/RackSlot7,[32365215232811],23.674,28.877,1.494,0.000,0.000,0.707,-0.707
F04/RackSlot14,[32382395101995],13.032,29.598,0.023,0.000,0.000,0.707,0.707
F04/RackSlot10,[32386690069291],12.412,28.877,2.230,0.000,0.000,0.707,-0.707
F04/RackSlot9,[32390985036587],13.653,28.877,1.494,0.000,0.000,0.707,-0.707
F04/RackSlot4,[32395280003883],12.412,28.877,0.768,0.000,0.000,0.707,-0.707
F04/RackSlot22,[32399574971179],12.412,29.522,2.230,0.000,0.000,0.707,0.707
F04/RackSlot5,[32403869938475],13.032,28.877,0.768,0.000,0.000,0.707,-0.707
F04/RackSlot2,[32408164905771],13.032,28.775,0.023,0.000,0.000,0.707,-0.707
F04/RackSlot3,[32412459873067],13.653,28.775,0.023,0.000,0.000,0.707,-0.707
F04/RackSlot19,[32416754840363],12.412,29.522,1.494,0.000,0.000,0.707,0.707
F04/RackSlot16,[32421049807659],12.412,29.522,0.768,0.000,0.000,0.707,0.707
F04/RackSlot6,[32425344774955],13.653,28.877,0.768,0.000,0.000,0.707,-0.707
F04/RackSlot1,[32429639742251],12.412,28.775,0.023,0.000,0.000,0.707,-0.707
F04/RackSlot11,[32433934709547],13.032,28.877,2.230,0.000,0.000,0.707,-0.707
F04/RackSlot17,[32438229676843],13.032,29.522,0.768,0.000,0.000,0.707,0.707
F04/RackSlot20,[32442524644139],13.032,29.522,1.494,0.000,0.000,0.707,0.707
F04/RackSlot12,[32446819611435],13.653,28.877,2.230,0.000,0.000,0.707,-0.707
F04/RackSlot18,[32451114578731],13.653,29.522,0.768,0.000,0.000,0.707,0.707
F04/RackSlot21,[32455409546027],13.653,29.522,1.494,0.000,0.000,0.707,0.707
F04/RackSlot23,[32459704513323],13.032,29.522,2.230,0.000,0.000,0.707,0.707
F04/RackSlot7,[32463999480619],12.412,28.877,1.494,0.000,0.000,0.707,-0.707
F04/RackSlot24,[32468294447915],13.653,29.522,2.230,0.000,0.000,0.707,0.707
F04/RackSlot15,[32472589415211],13.653,29.598,0.023,0.000,0.000,0.707,0.707
F04/RackSlot13,[32476884382507],12.412,29.598,0.023,0.000,0.000,0.707,0.707
F04/RackSlot8,[32481179349803],13.032,28.877,1.494,0.000,0.000,0.707,-0.707
F03/RackSlot24,[32485474317099],11.403,29.522,2.230,0.000,0.000,0.707,0.707
F03/RackSlot14,[32489769284395],10.781,29.598,0.023,0.000,0.000,0.707,0.707
F03/RackSlot20,[32494064251691],10.781,29.522,1.494,0.000,0.000,0.707,0.707
F03/RackSlot21,[32498359218987],11.403,29.522,1.494,0.000,0.000,0.707,0.707
F03/RackSlot19,[32502654186283],10.161,29.522,1.494,0.000,0.000,0.707,0.707
F03/RackSlot3,[32506949153579],11.403,28.775,0.023,0.000,0.000,0.707,-0.707
F03/RackSlot2,[32511244120875],10.781,28.775,0.023,0.000,0.000,0.707,-0.707
F03/RackSlot17,[32515539088171],10.781,29.522,0.768,0.000,0.000,0.707,0.707
F03/RackSlot6,[32519834055467],11.403,28.877,0.768,0.000,0.000,0.707,-0.707
F03/RackSlot12,[32524129022763],11.403,28.877,2.230,0.000,0.000,0.707,-0.707
F03/RackSlot18,[32528423990059],11.403,29.522,0.768,0.000,0.000,0.707,0.707
F03/RackSlot15,[32532718957355],11.403,29.598,0.023,0.000,0.000,0.707,0.707
F03/RackSlot1,[32537013924651],10.161,28.775,0.023,0.000,0.000,0.707,-0.707
F03/RackSlot23,[32541308891947],10.781,29.522,2.230,0.000,0.000,0.707,0.707
F03/RackSlot22,[32545603859243],10.161,29.522,2.230,0.000,0.000,0.707,0.707
F03/RackSlot8,[32549898826539],10.781,28.877,1.494,0.000,0.000,0.707,-0.707
F03/RackSlot4,[32554193793835],10.161,28.877,0.768,0.000,0.000,0.707,-0.707
F03/RackSlot10,[32558488761131],10.161,28.877,2.230,0.000,0.000,0.707,-0.707
F03/RackSlot16,[32562783728427],10.161,29.522,0.768,0.000,0.000,0.707,0.707
F03/RackSlot9,[32567078695723],11.403,28.877,1.494,0.000,0.000,0.707,-0.707
F03/RackSlot11,[32571373663019],10.781,28.877,2.230,0.000,0.000,0.707,-0.707
F03/RackSlot5,[32575668630315],10.781,28.877,0.768,0.000,0.000,0.707,-0.707
F03/RackSlot13,[32579963597611],10.161,29.598,0.023,0.000,0.000,0.707,0.707
F03/RackSlot7,[32584258564907],10.161,28.877,1.494,0.000,0.000,0.707,-0.707
F08/RackSlot14,[32601438434091],22.041,29.598,0.023,0.000,0.000,0.707,0.707
F08/RackSlot10,[32605733401387],21.422,28.877,2.230,0.000,0.000,0.707,-0.707
F08/RackSlot9,[32610028368683],22.663,28.877,1.494,0.000,0.000,0.707,-0.707
F08/RackSlot4,[32614323335979],21.422,28.877,0.768,0.000,0.000,0.707,-0.707
F08/RackSlot22,[32618618303275],21.422,29.522,2.230,0.000,0.000,0.707,0.707
F08/RackSlot5,[32622913270571],22.041,28.877,0.768,0.000,0.000,0.707,-0.707
F08/RackSlot2,[32627208237867],22.041,28.775,0.023,0.000,0.000,0.707,-0.707
F08/RackSlot3,[32631503205163],22.663,28.775,0.023,0.000,0.000,0.707,-0.707
F08/RackSlot19,[32635798172459],21.422,29.522,1.494,0.000,0.000,0.707,0.707
F08/RackSlot16,[32640093139755],21.422,29.522,0.768,0.000,0.000,0.707,0.707
F08/RackSlot6,[32644388107051],22.663,28.877,0.768,0.000,0.000,0.707,-0.707
F08/RackSlot1,[32648683074347],21.422,28.775,0.023,0.000,0.000,0.707,-0.707
F08/RackSlot11,[32652978041643],22.041,28.877,2.230,0.000,0.000,0.707,-0.707
F08/RackSlot17,[32657273008939],22.041,29.522,0.768,0.000,0.000,0.707,0.707
F08/RackSlot20,[32661567976235],22.041,29.522,1.494,0.000,0.000,0.707,0.707
F08/RackSlot12,[32665862943531],22.663,28.877,2.230,0.000,0.000,0.707,-0.707
F08/RackSlot18,[32670157910827],22.663,29.522,0.768,0.000,0.000,0.707,0.707
F08/RackSlot21,[32674452878123],22.663,29.522,1.494,0.000,0.000,0.707,0.707
F08/RackSlot23,[32678747845419],22.041,29.522,2.230,0.000,0.000,0.707,0.707
F08/RackSlot7,[32683042812715],21.422,28.877,1.494,0.000,0.000,0.707,-0.707
F08/RackSlot24,[32687337780011],22.663,29.522,2.230,0.000,0.000,0.707,0.707
F08/RackSlot15,[32691632747307],22.663,29.598,0.023,0.000,0.000,0.707,0.707
F08/RackSlot13,[32695927714603],21.422,29.598,0.023,0.000,0.000,0.707,0.707
F08/RackSlot8,[32700222681899],22.041,28.877,1.494,0.000,0.000,0.707,-0.707
F07/RackSlot24,[32704517649195],20.412,29.522,2.230,0.000,0.000,0.707,0.707
F07/RackSlot14,[32708812616491],19.791,29.598,0.023,0.000,0.000,0.707,0.707
F07/RackSlot20,[32713107583787],19.791,29.522,1.494,0.000,0.000,0.707,0.707
F07/RackSlot21,[32717402551083],20.412,29.522,1.494,0.000,0.000,0.707,0.707
F07/RackSlot19,[32721697518379],19.171,29.522,1.494,0.000,0.000,0.707,0.707
F07/RackSlot3,[32725992485675],20.412,28.775,0.023,0.000,0.000,0.707,-0.707
F07/RackSlot2,[32730287452971],19.791,28.775,0.023,0.000,0.000,0.707,-0.707
F07/RackSlot17,[32734582420267],19.791,29.522,0.768,0.000,0.000,0.707,0.707
F07/RackSlot6,[32738877387563],20.412,28.877,0.768,0.000,0.000,0.707,-0.707
F07/RackSlot12,[32743172354859],20.412,28.877,2.230,0.000,0.000,0.707,-0.707
F07/RackSlot18,[32747467322155],20.412,29.522,0.768,0.000,0.000,0.707,0.707
F07/RackSlot15,[32751762289451],20.412,29.598,0.023,0.000,0.000,0.707,0.707
F07/RackSlot1,[32756057256747],19.171,28.775,0.023,0.000,0.000,0.707,-0.707
F07/RackSlot23,[32760352224043],19.791,29.522,2.230,0.000,0.000,0.707,0.707
F07/RackSlot22,[32764647191339],19.171,29.522,2.230,0.000,0.000,0.707,0.707
F07/RackSlot8,[32768942158635],19.791,28.877,1.494,0.000,0.000,0.707,-0.707
F07/RackSlot4,[32773237125931],19.171,28.877,0.768,0.000,0.000,0.707,-0.707
F07/RackSlot10,[32777532093227],19.171,28.877,2.230,0.000,0.000,0.707,-0.707
F07/RackSlot16,[32781827060523],19.171,29.522,0.768,0.000,0.000,0.707,0.707
F07/RackSlot9,[32786122027819],20.412,28.877,1.494,0.000,0.000,0.707,-0.707
F07/RackSlot11,[32790416995115],19.791,28.877,2.230,0.000,0.000,0.707,-0.707
F07/RackSlot5,[32794711962411],19.791,28.877,0.768,0.000,0.000,0.707,-0.707
F07/RackSlot13,[32799006929707],19.171,29.598,0.023,0.000,0.000,0.707,0.707
F07/RackSlot7,[32803301897003],19.171,28.877,1.494,0.000,0.000,0.707,-0.707
F02/RackSlot14,[32824776733483],8.525,29.598,0.023,0.000,0.000,0.707,0.707
F02/RackSlot10,[32829071700779],7.905,28.877,2.230,0.000,0.000,0.707,-0.707
F02/RackSlot9,[32833366668075],9.146,28.877,1.494,0.000,0.000,0.707,-0.707
F02/RackSlot4,[32837661635371],7.905,28.877,0.768,0.000,0.000,0.707,-0.707
F02/RackSlot22,[32841956602667],7.905,29.522,2.230,0.000,0.000,0.707,0.707
F02/RackSlot5,[32846251569963],8.525,28.877,0.768,0.000,0.000,0.707,-0.707
F02/RackSlot2,[32850546537259],8.525,28.775,0.023,0.000,0.000,0.707,-0.707
F02/RackSlot3,[32854841504555],9.146,28.775,0.023,0.000,0.000,0.707,-0.707
F02/RackSlot19,[32859136471851],7.905,29.522,1.494,0.000,0.000,0.707,0.707
F02/RackSlot16,[32863431439147],7.905,29.522,0.768,0.000,0.000,0.707,0.707
F02/RackSlot6,[32867726406443],9.146,28.877,0.768,0.000,0.000,0.707,-0.707
F02/RackSlot1,[32872021373739],7.905,28.775,0.023,0.000,0.000,0.707,-0.707
F02/RackSlot11,[32876316341035],8.525,28.877,2.230,0.000,0.000,0.707,-0.707
F02/RackSlot17,[32880611308331],8.525,29.522,0.768,0.000,0.000,0.707,0.707
F02/RackSlot20,[32884906275627],8.525,29.522,1.494,0.000,0.000,0.707,0.707
F02/RackSlot12,[32889201242923],9.146,28.877,2.230,0.000,0.000,0.707,-0.707
F02/RackSlot18,[32893496210219],9.146,29.522,0.768,0.000,0.000,0.707,0.707
F02/RackSlot21,[32897791177515],9.146,29.522,1.494,0.000,0.000,0.707,0.707
F02/RackSlot23,[32902086144811],8.525,29.522,2.230,0.000,0.000,0.707,0.707
F02/RackSlot7,[32906381112107],7.905,28.877,1.494,0.000,0.000,0.707,-0.707
F02/RackSlot24,[32910676079403],9.146,29.522,2.230,0.000,0.000,0.707,0.707
F02/RackSlot15,[32914971046699],9.146,29.598,0.023,0.000,0.000,0.707,0.707
F02/RackSlot13,[32919266013995],7.905,29.598,0.023,0.000,0.000,0.707,0.707
F02/RackSlot8,[32923560981291],8.525,28.877,1.494,0.000,0.000,0.707,-0.707
F01/RackSlot24,[32927855948587],6.896,29.522,2.230,0.000,0.000,0.707,0.707
F01/RackSlot14,[32932150915883],6.275,29.598,0.023,0.000,0.000,0.707,0.707
F01/RackSlot20,[32936445883179],6.275,29.522,1.494,0.000,0.000,0.707,0.707
F01/RackSlot21,[32940740850475],6.896,29.522,1.494,0.000,0.000,0.707,0.707
F01/RackSlot19,[32945035817771],5.655,29.522,1.494,0.000,0.000,0.707,0.707
F01/RackSlot3,[32949330785067],6.896,28.775,0.023,0.000,0.000,0.707,-0.707
F01/RackSlot2,[32953625752363],6.275,28.775,0.023,0.000,0.000,0.707,-0.707
F01/RackSlot17,[32957920719659],6.275,29.522,0.768,0.000,0.000,0.707,0.707
F01/RackSlot6,[32962215686955],6.896,28.877,0.768,0.000,0.000,0.707,-0.707
F01/RackSlot12,[32966510654251],6.896,28.877,2.230,0.000,0.000,0.707,-0.707
F01/RackSlot18,[32970805621547],6.896,29.522,0.768,0.000,0.000,0.707,0.707
F01/RackSlot15,[32975100588843],6.896,29.598,0.023,0.000,0.000,0.707,0.707
F01/RackSlot1,[32979395556139],5.655,28.775,0.023,0.000,0.000,0.707,-0.707
F01/RackSlot23,[32983690523435],6.275,29.522,2.230,0.000,0.000,0.707,0.707
F01/RackSlot22,[32987985490731],5.655,29.522,2.230,0.000,0.000,0.707,0.707
F01/RackSlot8,[32992280458027],6.275,28.877,1.494,0.000,0.000,0.707,-0.707
F01/RackSlot4,[32996575425323],5.655,28.877,0.768,0.000,0.000,0.707,-0.707
F01/RackSlot10,[33000870392619],5.655,28.877,2.230,0.000,0.000,0.707,-0.707
F01/RackSlot16,[33005165359915],5.655,29.522,0.768,0.000,0.000,0.707,0.707
F01/RackSlot9,[33009460327211],6.896,28.877,1.494,0.000,0.000,0.707,-0.707
F01/RackSlot11,[33013755294507],6.275,28.877,2.230,0.000,0.000,0.707,-0.707
F01/RackSlot5,[33018050261803],6.275,28.877,0.768,0.000,0.000,0.707,-0.707
F01/RackSlot13,[33022345229099],5.655,29.598,0.023,0.000,0.000,0.707,0.707
F01/RackSlot7,[33026640196395],5.655,28.877,1.494,0.000,0.000,0.707,-0.707
F06/RackSlot14,[33043820065579],17.535,29.598,0.023,0.000,0.000,0.707,0.707
F06/RackSlot10,[33048115032875],16.915,28.877,2.230,0.000,0.000,0.707,-0.707
F06/RackSlot9,[33052410000171],18.156,28.877,1.494,0.000,0.000,0.707,-0.707
F06/RackSlot4,[33056704967467],16.915,28.877,0.768,0.000,0.000,0.707,-0.707
F06/RackSlot22,[33060999934763],16.915,29.522,2.230,0.000,0.000,0.707,0.707
F06/RackSlot5,[33065294902059],17.535,28.877,0.768,0.000,0.000,0.707,-0.707
F06/RackSlot2,[33069589869355],17.535,28.775,0.023,0.000,0.000,0.707,-0.707
F06/RackSlot3,[33073884836651],18.156,28.775,0.023,0.000,0.000,0.707,-0.707
F06/RackSlot19,[33078179803947],16.915,29.522,1.494,0.000,0.000,0.707,0.707
F06/RackSlot16,[33082474771243],16.915,29.522,0.768,0.000,0.000,0.707,0.707
F06/RackSlot6,[33086769738539],18.156,28.877,0.768,0.000,0.000,0.707,-0.707
F06/RackSlot1,[33091064705835],16.915,28.775,0.023,0.000,0.000,0.707,-0.707
F06/RackSlot11,[33095359673131],17.535,28.877,2.230,0.000,0.000,0.707,-0.707
F06/RackSlot17,[33099654640427],17.535,29.522,0.768,0.000,0.000,0.707,0.707
F06/RackSlot20,[33103949607723],17.535,29.522,1.494,0.000,0.000,0.707,0.707
F06/RackSlot12,[33108244575019],18.156,28.877,2.230,0.000,0.000,0.707,-0.707
F06/RackSlot18,[33112539542315],18.156,29.522,0.768,0.000,0.000,0.707,0.707
F06/RackSlot21,[33116834509611],18.156,29.522,1.494,0.000,0.000,0.707,0.707
F06/RackSlot23,[33121129476907],17.535,29.522,2.230,0.000,0.000,0.707,0.707
F06/RackSlot7,[33125424444203],16.915,28.877,1.494,0.000,0.000,0.707,-0.707
F06/RackSlot24,[33129719411499],18.156,29.522,2.230,0.000,0.000,0.707,0.707
F06/RackSlot15,[33134014378795],18.156,29.598,0.023,0.000,0.000,0.707,0.707
F06/RackSlot13,[33138309346091],16.915,29.598,0.023,0.000,0.000,0.707,0.707
F06/RackSlot8,[33142604313387],17.535,28.877,1.494,0.000,0.000,0.707,-0.707
F05/RackSlot24,[33146899280683],15.906,29.522,2.230,0.000,0.000,0.707,0.707
F05/RackSlot14,[33151194247979],15.285,29.598,0.023,0.000,0.000,0.707,0.707
F05/RackSlot20,[33155489215275],15.285,29.522,1.494,0.000,0.000,0.707,0.707
F05/RackSlot21,[33159784182571],15.906,29.522,1.494,0.000,0.000,0.707,0.707
F05/RackSlot19,[33164079149867],14.665,29.522,1.494,0.000,0.000,0.707,0.707
F05/RackSlot3,[33168374117163],15.906,28.775,0.023,0.000,0.000,0.707,-0.707
F05/RackSlot2,[33172669084459],15.285,28.775,0.023,0.000,0.000,0.707,-0.707
F05/RackSlot17,[33176964051755],15.285,29.522,0.768,0.000,0.000,0.707,0.707
F05/RackSlot6,[33181259019051],15.906,28.877,0.768,0.000,0.000,0.707,-0.707
F05/RackSlot12,[33185553986347],15.906,28.877,2.230,0.000,0.000,0.707,-0.707
F05/RackSlot18,[33189848953643],15.906,29.522,0.768,0.000,0.000,0.707,0.707
F05/RackSlot15,[33194143920939],15.906,29.598,0.023,0.000,0.000,0.707,0.707
F05/RackSlot1,[33198438888235],14.665,28.775,0.023,0.000,0.000,0.707,-0.707
F05/RackSlot23,[33202733855531],15.285,29.522,2.230,0.000,0.000,0.707,0.707
F05/RackSlot22,[33207028822827],14.665,29.522,2.230,0.000,0.000,0.707,0.707
F05/RackSlot8,[33211323790123],15.285,28.877,1.494,0.000,0.000,0.707,-0.707
F05/RackSlot4,[33215618757419],14.665,28.877,0.768,0.000,0.000,0.707,-0.707
F05/RackSlot10,[33219913724715],14.665,28.877,2.230,0.000,0.000,0.707,-0.707
F05/RackSlot16,[33224208692011],14.665,29.522,0.768,0.000,0.000,0.707,0.707
F05/RackSlot9,[33228503659307],15.906,28.877,1.494,0.000,0.000,0.707,-0.707
F05/RackSlot11,[33232798626603],15.285,28.877,2.230,0.000,0.000,0.707,-0.707
F05/RackSlot5,[33237093593899],15.285,28.877,0.768,0.000,0.000,0.707,-0.707
F05/RackSlot13,[33241388561195],14.665,29.598,0.023,0.000,0.000,0.707,0.707
F05/RackSlot7,[33245683528491],14.665,28.877,1.494,0.000,0.000,0.707,-0.707
C02/RackSlot14,[33267158364971],20.406,22.793,0.023,0.000,0.000,0.000,1.000
C02/RackSlot10,[33271453332267],19.685,23.413,2.230,0.000,0.000,1.000,-0.000
C02/RackSlot9,[33275748299563],19.685,22.172,1.494,0.000,0.000,1.000,-0.000
C02/RackSlot4,[33280043266859],19.685,23.413,0.768,0.000,0.000,1.000,-0.000
C02/RackSlot22,[33284338234155],20.330,23.413,2.230,0.000,0.000,0.000,1.000
C02/RackSlot5,[33288633201451],19.685,22.793,0.768,0.000,0.000,1.000,-0.000
C02/RackSlot2,[33292928168747],19.583,22.793,0.023,0.000,0.000,1.000,-0.000
C02/RackSlot3,[33297223136043],19.583,22.172,0.023,0.000,0.000,1.000,-0.000
C02/RackSlot19,[33301518103339],20.330,23.413,1.494,0.000,0.000,0.000,1.000
C02/RackSlot16,[33305813070635],20.330,23.413,0.768,0.000,0.000,0.000,1.000
C02/RackSlot6,[33310108037931],19.685,22.172,0.768,0.000,0.000,1.000,-0.000
C02/RackSlot1,[33314403005227],19.583,23.413,0.023,0.000,0.000,1.000,-0.000
C02/RackSlot11,[33318697972523],19.685,22.793,2.230,0.000,0.000,1.000,-0.000
C02/RackSlot17,[33322992939819],20.330,22.793,0.768,0.000,0.000,0.000,1.000
C02/RackSlot20,[33327287907115],20.330,22.793,1.494,0.000,0.000,0.000,1.000
C02/RackSlot12,[33331582874411],19.685,22.172,2.230,0.000,0.000,1.000,-0.000
C02/RackSlot18,[33335877841707],20.330,22.172,0.768,0.000,0.000,0.000,1.000
C02/RackSlot21,[33340172809003],20.330,22.172,1.494,0.000,0.000,0.000,1.000
C02/RackSlot23,[33344467776299],20.330,22.793,2.230,0.000,0.000,0.000,1.000
C02/RackSlot7,[33348762743595],19.685,23.413,1.494,0.000,0.000,1.000,-0.000
C02/RackSlot24,[33353057710891],20.330,22.172,2.230,0.000,0.000,0.000,1.000
C02/RackSlot15,[33357352678187],20.406,22.172,0.023,0.000,0.000,0.000,1.000
C02/RackSlot13,[33361647645483],20.406,23.413,0.023,0.000,0.000,0.000,1.000
C02/RackSlot8,[33365942612779],19.685,22.793,1.494,0.000,0.000,1.000,-0.000
C01/RackSlot24,[33370237580075],20.330,24.422,2.230,0.000,0.000,0.000,1.000
C01/RackSlot14,[33374532547371],20.406,25.043,0.023,0.000,0.000,0.000,1.000
C01/RackSlot20,[33378827514667],20.330,25.043,1.494,0.000,0.000,0.000,1.000
C01/RackSlot21,[33383122481963],20.330,24.422,1.494,0.000,0.000,0.000,1.000
C01/RackSlot19,[33387417449259],20.330,25.663,1.494,0.000,0.000,0.000,1.000
C01/RackSlot3,[33391712416555],19.583,24.422,0.023,0.000,0.000,1.000,-0.000
C01/RackSlot2,[33396007383851],19.583,25.043,0.023,0.000,0.000,1.000,-0.000
C01/RackSlot17,[33400302351147],20.330,25.043,0.768,0.000,0.000,0.000,1.000
C01/RackSlot6,[33404597318443],19.685,24.422,0.768,0.000,0.000,1.000,-0.000
C01/RackSlot12,[33408892285739],19.685,24.422,2.230,0.000,0.000,1.000,-0.000
C01/RackSlot18,[33413187253035],20.330,24.422,0.768,0.000,0.000,0.000,1.000
C01/RackSlot15,[33417482220331],20.406,24.422,0.023,0.000,0.000,0.000,1.000
C01/RackSlot1,[33421777187627],19.583,25.663,0.023,0.000,0.000,1.000,-0.000
C01/RackSlot23,[33426072154923],20.330,25.043,2.230,0.000,0.000,0.000,1.000
C01/RackSlot22,[33430367122219],20.330,25.663,2.230,0.000,0.000,0.000,1.000
C01/RackSlot8,[33434662089515],19.685,25.043,1.494,0.000,0.000,1.000,-0.000
C01/RackSlot4,[33438957056811],19.685,25.663,0.768,0.000,0.000,1.000,-0.000
C01/RackSlot10,[33443252024107],19.685,25.663,2.230,0.000,0.000,1.000,-0.000
C01/RackSlot16,[33447546991403],20.330,25.663,0.768,0.000,0.000,0.000,1.000
C01/RackSlot9,[33451841958699],19.685,24.422,1.494,0.000,0.000,1.000,-0.000
C01/RackSlot11,[33456136925995],19.685,25.043,2.230,0.000,0.000,1.000,-0.000
C01/RackSlot5,[33460431893291],19.685,25.043,0.768,0.000,0.000,1.000,-0.000
C01/RackSlot13,[33464726860587],20.406,25.663,0.023,0.000,0.000,0.000,1.000
C01/RackSlot7,[33469021827883],19.685,25.663,1.494,0.000,0.000,1.000,-0.000
C04/RackSlot14,[33490496664363],20.406,18.283,0.023,0.000,0.000,0.000,1.000
C04/RackSlot10,[33494791631659],19.685,18.903,2.230,0.000,0.000,1.000,-0.000
C04/RackSlot9,[33499086598955],19.685,17.662,1.494,0.000,0.000,1.000,-0.000
C04/RackSlot4,[33503381566251],19.685,18.903,0.768,0.000,0.000,1.000,-0.000
C04/RackSlot22,[33507676533547],20.330,18.903,2.230,0.000,0.000,0.000,1.000
C04/RackSlot5,[33511971500843],19.685,18.283,0.768,0.000,0.000,1.000,-0.000
C04/RackSlot2,[33516266468139],19.583,18.283,0.023,0.000,0.000,1.000,-0.000
C04/RackSlot3,[33520561435435],19.583,17.662,0.023,0.000,0.000,1.000,-0.000
C04/RackSlot19,[33524856402731],20.330,18.903,1.494,0.000,0.000,0.000,1.000
C04/RackSlot16,[33529151370027],20.330,18.903,0.768,0.000,0.000,0.000,1.000
C04/RackSlot6,[33533446337323],19.685,17.662,0.768,0.000,0.000,1.000,-0.000
C04/RackSlot1,[33537741304619],19.583,18.903,0.023,0.000,0.000,1.000,-0.000
C04/RackSlot11,[33542036271915],19.685,18.283,2.230,0.000,0.000,1.000,-0.000
C04/RackSlot17,[33546331239211],20.330,18.283,0.768,0.000,0.000,0.000,1.000
C04/RackSlot20,[33550626206507],20.330,18.283,1.494,0.000,0.000,0.000,1.000
C04/RackSlot12,[33554921173803],19.685,17.662,2.230,0.000,0.000,1.000,-0.000
C04/RackSlot18,[33559216141099],20.330,17.662,0.768,0.000,0.000,0.000,1.000
C04/RackSlot21,[33563511108395],20.330,17.662,1.494,0.000,0.000,0.000,1.000
C04/RackSlot23,[33567806075691],20.330,18.283,2.230,0.000,0.000,0.000,1.000
C04/RackSlot7,[33572101042987],19.685,18.903,1.494,0.000,0.000,1.000,-0.000
C04/RackSlot24,[33576396010283],20.330,17.662,2.230,0.000,0.000,0.000,1.000
C04/RackSlot15,[33580690977579],20.406,17.662,0.023,0.000,0.000,0.000,1.000
C04/RackSlot13,[33584985944875],20.406,18.903,0.023,0.000,0.000,0.000,1.000
C04/RackSlot8,[33589280912171],19.685,18.283,1.494,0.000,0.000,1.000,-0.000
C03/RackSlot24,[33593575879467],20.330,19.912,2.230,0.000,0.000,0.000,1.000
C03/RackSlot14,[33597870846763],20.406,20.534,0.023,0.000,0.000,0.000,1.000
C03/RackSlot20,[33602165814059],20.330,20.534,1.494,0.000,0.000,0.000,1.000
C03/RackSlot21,[33606460781355],20.330,19.912,1.494,0.000,0.000,0.000,1.000
C03/RackSlot19,[33610755748651],20.330,21.153,1.494,0.000,0.000,0.000,1.000
C03/RackSlot3,[33615050715947],19.583,19.912,0.023,0.000,0.000,1.000,-0.000
C03/RackSlot2,[33619345683243],19.583,20.534,0.023,0.000,0.000,1.000,-0.000
C03/RackSlot17,[33623640650539],20.330,20.534,0.768,0.000,0.000,0.000,1.000
C03/RackSlot6,[33627935617835],19.685,19.912,0.768,0.000,0.000,1.000,-0.000
C03/RackSlot12,[33632230585131],19.685,19.912,2.230,0.000,0.000,1.000,-0.000
C03/RackSlot18,[33636525552427],20.330,19.912,0.768,0.000,0.000,0.000,1.000
C03/RackSlot15,[33640820519723],20.406,19.912,0.023,0.000,0.000,0.000,1.000
C03/RackSlot1,[33645115487019],19.583,21.153,0.023,0.000,0.000,1.000,-0.000
C03/RackSlot23,[33649410454315],20.330,20.534,2.230,0.000,0.000,0.000,1.000
C03/RackSlot22,[33653705421611],20.330,21.153,2.230,0.000,0.000,0.000,1.000
C03/RackSlot8,[33658000388907],19.685,20.534,1.494,0.000,0.000,1.000,-0.000
C03/RackSlot4,[33662295356203],19.685,21.153,0.768,0.000,0.000,1.000,-0.000
C03/RackSlot10,[33666590323499],19.685,21.153,2.230,0.000,0.000,1.000,-0.000
C03/RackSlot16,[33670885290795],20.330,21.153,0.768,0.000,0.000,0.000,1.000
C03/RackSlot9,[33675180258091],19.685,19.912,1.494,0.000,0.000,1.000,-0.000
C03/RackSlot11,[33679475225387],19.685,20.534,2.230,0.000,0.000,1.000,-0.000
C03/RackSlot5,[33683770192683],19.685,20.534,0.768,0.000,0.000,1.000,-0.000
C03/RackSlot13,[33688065159979],20.406,21.153,0.023,0.000,0.000,0.000,1.000
C03/RackSlot7,[33692360127275],19.685,21.153,1.494,0.000,0.000,1.000,-0.000
G02/RackSlot14,[33713834963755],29.624,11.424,0.023,0.000,0.000,0.000,1.000
G02/RackSlot10,[33718129931051],28.904,12.044,2.230,0.000,0.000,1.000,-0.000
G02/RackSlot9,[33722424898347],28.904,10.803,1.494,0.000,0.000,1.000,-0.000
G02/RackSlot4,[33726719865643],28.904,12.044,0.768,0.000,0.000,1.000,-0.000
G02/RackSlot22,[33731014832939],29.548,12.044,2.230,0.000,0.000,0.000,1.000
G02/RackSlot5,[33735309800235],28.904,11.424,0.768,0.000,0.000,1.000,-0.000
G02/RackSlot2,[33739604767531],28.802,11.424,0.023,0.000,0.000,1.000,-0.000
G02/RackSlot3,[33743899734827],28.802,10.803,0.023,0.000,0.000,1.000,-0.000
G02/RackSlot19,[33748194702123],29.548,12.044,1.494,0.000,0.000,0.000,1.000
G02/RackSlot16,[33752489669419],29.548,12.044,0.768,0.000,0.000,0.000,1.000
G02/RackSlot6,[33756784636715],28.904,10.803,0.768,0.000,0.000,1.000,-0.000
G02/RackSlot1,[33761079604011],28.802,12.044,0.023,0.000,0.000,1.000,-0.000
G02/RackSlot11,[33765374571307],28.904,11.424,2.230,0.000,0.000,1.000,-0.000
G02/RackSlot17,[33769669538603],29.548,11.424,0.768,0.000,0.000,0.000,1.000
G02/RackSlot20,[33773964505899],29.548,11.424,1.494,0.000,0.000,0.000,1.000
G02/RackSlot12,[33778259473195],28.904,10.803,2.230,0.000,0.000,1.000,-0.000
G02/RackSlot18,[33782554440491],29.548,10.803,0.768,0.000,0.000,0.000,1.000
G02/RackSlot21,[33786849407787],29.548,10.803,1.494,0.000,0.000,0.000,1.000
G02/RackSlot23,[33791144375083],29.548,11.424,2.230,0.000,0.000,0.000,1.000
G02/RackSlot7,[33795439342379],28.904,12.044,1.494,0.000,0.000,1.000,-0.000
G02/RackSlot24,[33799734309675],29.548,10.803,2.230,0.000,0.000,0.000,1.000
G02/RackSlot15,[33804029276971],29.624,10.803,0.023,0.000,0.000,0.000,1.000
G02/RackSlot13,[33808324244267],29.624,12.044,0.023,0.000,0.000,0.000,1.000
G02/RackSlot8,[33812619211563],28.904,11.424,1.494,0.000,0.000,1.000,-0.000
G01/RackSlot24,[33816914178859],29.548,13.054,2.230,0.000,0.000,0.000,1.000
G01/RackSlot14,[33821209146155],29.624,13.675,0.023,0.000,0.000,0.000,1.000
G01/RackSlot20,[33825504113451],29.548,13.675,1.494,0.000,0.000,0.000,1.000
G01/RackSlot21,[33829799080747],29.548,13.054,1.494,0.000,0.000,0.000,1.000
G01/RackSlot19,[33834094048043],29.548,14.295,1.494,0.000,0.000,0.000,1.000
G01/RackSlot3,[33838389015339],28.802,13.054,0.023,0.000,0.000,1.000,-0.000
G01/RackSlot2,[33842683982635],28.802,13.675,0.023,0.000,0.000,1.000,-0.000
G01/RackSlot17,[33846978949931],29.548,13.675,0.768,0.000,0.000,0.000,1.000
G01/RackSlot6,[33851273917227],28.904,13.054,0.768,0.000,0.000,1.000,-0.000
G01/RackSlot12,[33855568884523],28.904,13.054,2.230,0.000,0.000,1.000,-0.000
G01/RackSlot18,[33859863851819],29.548,13.054,0.768,0.000,0.000,0.000,1.000
G01/RackSlot15,[33864158819115],29.624,13.054,0.023,0.000,0.000,0.000,1.000
G01/RackSlot1,[33868453786411],28.802,14.295,0.023,0.000,0.000,1.000,-0.000
G01/RackSlot23,[33872748753707],29.548,13.675,2.230,0.000,0.000,0.000,1.000
G01/RackSlot22,[33877043721003],29.548,14.295,2.230,0.000,0.000,0.000,1.000
G01/RackSlot8,[33881338688299],28.904,13.675,1.494,0.000,0.000,1.000,-0.000
G01/RackSlot4,[33885633655595],28.904,14.295,0.768,0.000,0.000,1.000,-0.000
G01/RackSlot10,[33889928622891],28.904,14.295,2.230,0.000,0.000,1.000,-0.000
G01/RackSlot16,[33894223590187],29.548,14.295,0.768,0.000,0.000,0.000,1.000
G01/RackSlot9,[33898518557483],28.904,13.054,1.494,0.000,0.000,1.000,-0.000
G01/RackSlot11,[33902813524779],28.904,13.675,2.230,0.000,0.000,1.000,-0.000
G01/RackSlot5,[33907108492075],28.904,13.675,0.768,0.000,0.000,1.000,-0.000
G01/RackSlot13,[33911403459371],29.624,14.295,0.023,0.000,0.000,0.000,1.000
G01/RackSlot7,[33915698426667],28.904,14.295,1.494,0.000,0.000,1.000,-0.000
A06/RackSlot14,[33937173263147],29.624,16.572,0.023,0.000,0.000,0.000,1.000
A06/RackSlot10,[33941468230443],28.904,17.192,2.230,0.000,0.000,1.000,-0.000
A06/RackSlot9,[33945763197739],28.904,15.951,1.494,0.000,0.000,1.000,-0.000
A06/RackSlot4,[33950058165035],28.904,17.192,0.768,0.000,0.000,1.000,-0.000
A06/RackSlot22,[33954353132331],29.548,17.192,2.230,0.000,0.000,0.000,1.000
A06/RackSlot5,[33958648099627],28.904,16.572,0.768,0.000,0.000,1.000,-0.000
A06/RackSlot2,[33962943066923],28.802,16.572,0.023,0.000,0.000,1.000,-0.000
A06/RackSlot3,[33967238034219],28.802,15.951,0.023,0.000,0.000,1.000,-0.000
A06/RackSlot19,[33971533001515],29.548,17.192,1.494,0.000,0.000,0.000,1.000
A06/RackSlot16,[33975827968811],29.548,17.192,0.768,0.000,0.000,0.000,1.000
A06/RackSlot6,[33980122936107],28.904,15.951,0.768,0.000,0.000,1.000,-0.000
A06/RackSlot1,[33984417903403],28.802,17.192,0.023,0.000,0.000,1.000,-0.000
A06/RackSlot11,[33988712870699],28.904,16.572,2.230,0.000,0.000,1.000,-0.000
A06/RackSlot17,[33993007837995],29.548,16.572,0.768,0.000,0.000,0.000,1.000
A06/RackSlot20,[33997302805291],29.548,16.572,1.494,0.000,0.000,0.000,1.000
A06/RackSlot12,[34001597772587],28.904,15.951,2.230,0.000,0.000,1.000,-0.000
A06/RackSlot18,[34005892739883],29.548,15.951,0.768,0.000,0.000,0.000,1.000
A06/RackSlot21,[34010187707179],29.548,15.951,1.494,0.000,0.000,0.000,1.000
A06/RackSlot23,[34014482674475],29.548,16.572,2.230,0.000,0.000,0.000,1.000
A06/RackSlot7,[34018777641771],28.904,17.192,1.494,0.000,0.000,1.000,-0.000
A06/RackSlot24,[34023072609067],29.548,15.951,2.230,0.000,0.000,0.000,1.000
A06/RackSlot15,[34027367576363],29.624,15.951,0.023,0.000,0.000,0.000,1.000
A06/RackSlot13,[34031662543659],29.624,17.192,0.023,0.000,0.000,0.000,1.000
A06/RackSlot8,[34035957510955],28.904,16.572,1.494,0.000,0.000,1.000,-0.000
A05/RackSlot24,[34040252478251],29.548,18.201,2.230,0.000,0.000,0.000,1.000
A05/RackSlot14,[34044547445547],29.624,18.822,0.023,0.000,0.000,0.000,1.000
A05/RackSlot20,[34048842412843],29.548,18.822,1.494,0.000,0.000,0.000,1.000
A05/RackSlot21,[34053137380139],29.548,18.201,1.494,0.000,0.000,0.000,1.000
A05/RackSlot19,[34057432347435],29.548,19.442,1.494,0.000,0.000,0.000,1.000
A05/RackSlot3,[34061727314731],28.802,18.201,0.023,0.000,0.000,1.000,-0.000
A05/RackSlot2,[34066022282027],28.802,18.822,0.023,0.000,0.000,1.000,-0.000
A05/RackSlot17,[34070317249323],29.548,18.822,0.768,0.000,0.000,0.000,1.000
A05/RackSlot6,[34074612216619],28.904,18.201,0.768,0.000,0.000,1.000,-0.000
A05/RackSlot12,[34078907183915],28.904,18.201,2.230,0.000,0.000,1.000,-0.000
A05/RackSlot18,[34083202151211],29.548,18.201,0.768,0.000,0.000,0.000,1.000
A05/RackSlot15,[34087497118507],29.624,18.201,0.023,0.000,0.000,0.000,1.000
A05/RackSlot1,[34091792085803],28.802,19.442,0.023,0.000,0.000,1.000,-0.000
A05/RackSlot23,[34096087053099],29.548,18.822,2.230,0.000,0.000,0.000,1.000
A05/RackSlot22,[34100382020395],29.548,19.442,2.230,0.000,0.000,0.000,1.000
A05/RackSlot8,[34104676987691],28.904,18.822,1.494,0.000,0.000,1.000,-0.000
A05/RackSlot4,[34108971954987],28.904,19.442,0.768,0.000,0.000,1.000,-0.000
A05/RackSlot10,[34113266922283],28.904,19.442,2.230,0.000,0.000,1.000,-0.000
A05/RackSlot16,[34117561889579],29.548,19.442,0.768,0.000,0.000,0.000,1.000
A05/RackSlot9,[34121856856875],28.904,18.201,1.494,0.000,0.000,1.000,-0.000
A05/RackSlot11,[34126151824171],28.904,18.822,2.230,0.000,0.000,1.000,-0.000
A05/RackSlot5,[34130446791467],28.904,18.822,0.768,0.000,0.000,1.000,-0.000
A05/RackSlot13,[34134741758763],29.624,19.442,0.023,0.000,0.000,0.000,1.000
A05/RackSlot7,[34139036726059],28.904,19.442,1.494,0.000,0.000,1.000,-0.000
G06/RackSlot14,[34160511562539],29.624,2.418,0.023,0.000,0.000,0.000,1.000
G06/RackSlot10,[34164806529835],28.904,3.038,2.230,0.000,0.000,1.000,-0.000
G06/RackSlot9,[34169101497131],28.904,1.797,1.494,0.000,0.000,1.000,-0.000
G06/RackSlot4,[34173396464427],28.904,3.038,0.768,0.000,0.000,1.000,-0.000
G06/RackSlot22,[34177691431723],29.548,3.038,2.230,0.000,0.000,0.000,1.000
G06/RackSlot5,[34181986399019],28.904,2.418,0.768,0.000,0.000,1.000,-0.000
G06/RackSlot2,[34186281366315],28.802,2.418,0.023,0.000,0.000,1.000,-0.000
G06/RackSlot3,[34190576333611],28.802,1.797,0.023,0.000,0.000,1.000,-0.000
G06/RackSlot19,[34194871300907],29.548,3.038,1.494,0.000,0.000,0.000,1.000
G06/RackSlot16,[34199166268203],29.548,3.038,0.768,0.000,0.000,0.000,1.000
G06/RackSlot6,[34203461235499],28.904,1.797,0.768,0.000,0.000,1.000,-0.000
G06/RackSlot1,[34207756202795],28.802,3.038,0.023,0.000,0.000,1.000,-0.000
G06/RackSlot11,[34212051170091],28.904,2.418,2.230,0.000,0.000,1.000,-0.000
G06/RackSlot17,[34216346137387],29.548,2.418,0.768,0.000,0.000,0.000,1.000
G06/RackSlot20,[34220641104683],29.548,2.418,1.494,0.000,0.000,0.000,1.000
G06/RackSlot12,[34224936071979],28.904,1.797,2.230,0.000,0.000,1.000,-0.000
G06/RackSlot18,[34229231039275],29.548,1.797,0.768,0.000,0.000,0.000,1.000
G06/RackSlot21,[34233526006571],29.548,1.797,1.494,0.000,0.000,0.000,1.000
G06/RackSlot23,[34237820973867],29.548,2.418,2.230,0.000,0.000,0.000,1.000
G06/RackSlot7,[34242115941163],28.904,3.038,1.494,0.000,0.000,1.000,-0.000
G06/RackSlot24,[34246410908459],29.548,1.797,2.230,0.000,0.000,0.000,1.000
G06/RackSlot15,[34250705875755],29.624,1.797,0.023,0.000,0.000,0.000,1.000
G06/RackSlot13,[34255000843051],29.624,3.038,0.023,0.000,0.000,0.000,1.000
G06/RackSlot8,[34259295810347],28.904,2.418,1.494,0.000,0.000,1.000,-0.000
G05/RackSlot24,[34263590777643],29.548,4.047,2.230,0.000,0.000,0.000,1.000
G05/RackSlot14,[34267885744939],29.624,4.668,0.023,0.000,0.000,0.000,1.000
G05/RackSlot20,[34272180712235],29.548,4.668,1.494,0.000,0.000,0.000,1.000
G05/RackSlot21,[34276475679531],29.548,4.047,1.494,0.000,0.000,0.000,1.000
G05/RackSlot19,[34280770646827],29.548,5.288,1.494,0.000,0.000,0.000,1.000
G05/RackSlot3,[34285065614123],28.802,4.047,0.023,0.000,0.000,1.000,-0.000
G05/RackSlot2,[34289360581419],28.802,4.668,0.023,0.000,0.000,1.000,-0.000
G05/RackSlot17,[34293655548715],29.548,4.668,0.768,0.000,0.000,0.000,1.000
G05/RackSlot6,[34297950516011],28.904,4.047,0.768,0.000,0.000,1.000,-0.000
G05/RackSlot12,[34302245483307],28.904,4.047,2.230,0.000,0.000,1.000,-0.000
G05/RackSlot18,[34306540450603],29.548,4.047,0.768,0.000,0.000,0.000,1.000
G05/RackSlot15,[34310835417899],29.624,4.047,0.023,0.000,0.000,0.000,1.000
G05/RackSlot1,[34315130385195],28.802,5.288,0.023,0.000,0.000,1.000,-0.000
G05/RackSlot23,[34319425352491],29.548,4.668,2.230,0.000,0.000,0.000,1.000
G05/RackSlot22,[34323720319787],29.548,5.288,2.230,0.000,0.000,0.000,1.000
G05/RackSlot8,[34328015287083],28.904,4.668,1.494,0.000,0.000,1.000,-0.000
G05/RackSlot4,[34332310254379],28.904,5.288,0.768,0.000,0.000,1.000,-0.000
G05/RackSlot10,[34336605221675],28.904,5.288,2.230,0.000,0.000,1.000,-0.000
G05/RackSlot16,[34340900188971],29.548,5.288,0.768,0.000,0.000,0.000,1.000
G05/RackSlot9,[34345195156267],28.904,4.047,1.494,0.000,0.000,1.000,-0.000
G05/RackSlot11,[34349490123563],28.904,4.668,2.230,0.000,0.000,1.000,-0.000
G05/RackSlot5,[34353785090859],28.904,4.668,0.768,0.000,0.000,1.000,-0.000
G05/RackSlot13,[34358080058155],29.624,5.288,0.023,0.000,0.000,0.000,1.000
G05/RackSlot7,[34362375025451],28.904,5.288,1.494,0.000,0.000,1.000,-0.000
A04/RackSlot14,[34379554894635],29.624,21.079,0.023,0.000,0.000,0.000,1.000
A04/RackSlot10,[34383849861931],28.904,21.699,2.230,0.000,0.000,1.000,-0.000
A04/RackSlot9,[34388144829227],28.904,20.458,1.494,0.000,0.000,1.000,-0.000
A04/RackSlot4,[34392439796523],28.904,21.699,0.768,0.000,0.000,1.000,-0.000
A04/RackSlot22,[34396734763819],29.548,21.699,2.230,0.000,0.000,0.000,1.000
A04/RackSlot5,[34401029731115],28.904,21.079,0.768,0.000,0.000,1.000,-0.000
A04/RackSlot2,[34405324698411],28.802,21.079,0.023,0.000,0.000,1.000,-0.000
A04/RackSlot3,[34409619665707],28.802,20.458,0.023,0.000,0.000,1.000,-0.000
A04/RackSlot19,[34413914633003],29.548,21.699,1.494,0.000,0.000,0.000,1.000
A04/RackSlot16,[34418209600299],29.548,21.699,0.768,0.000,0.000,0.000,1.000
A04/RackSlot6,[34422504567595],28.904,20.458,0.768,0.000,0.000,1.000,-0.000
A04/RackSlot1,[34426799534891],28.802,21.699,0.023,0.000,0.000,1.000,-0.000
A04/RackSlot11,[34431094502187],28.904,21.079,2.230,0.000,0.000,1.000,-0.000
A04/RackSlot17,[34435389469483],29.548,21.079,0.768,0.000,0.000,0.000,1.000
A04/RackSlot20,[34439684436779],29.548,21.079,1.494,0.000,0.000,0.000,1.000
A04/RackSlot12,[34443979404075],28.904,20.458,2.230,0.000,0.000,1.000,-0.000
A04/RackSlot18,[34448274371371],29.548,20.458,0.768,0.000,0.000,0.000,1.000
A04/RackSlot21,[34452569338667],29.548,20.458,1.494,0.000,0.000,0.000,1.000
A04/RackSlot23,[34456864305963],29.548,21.079,2.230,0.000,0.000,0.000,1.000
A04/RackSlot7,[34461159273259],28.904,21.699,1.494,0.000,0.000,1.000,-0.000
A04/RackSlot24,[34465454240555],29.548,20.458,2.230,0.000,0.000,0.000,1.000
A04/RackSlot15,[34469749207851],29.624,20.458,0.023,0.000,0.000,0.000,1.000
A04/RackSlot13,[34474044175147],29.624,21.699,0.023,0.000,0.000,0.000,1.000
A04/RackSlot8,[34478339142443],28.904,21.079,1.494,0.000,0.000,1.000,-0.000
A03/RackSlot24,[34482634109739],29.548,22.708,2.230,0.000,0.000,0.000,1.000
A03/RackSlot14,[34486929077035],29.624,23.329,0.023,0.000,0.000,0.000,1.000
A03/RackSlot20,[34491224044331],29.548,23.329,1.494,0.000,0.000,0.000,1.000
A03/RackSlot21,[34495519011627],29.548,22.708,1.494,0.000,0.000,0.000,1.000
A03/RackSlot19,[34499813978923],29.548,23.949,1.494,0.000,0.000,0.000,1.000
A03/RackSlot3,[34504108946219],28.802,22.708,0.023,0.000,0.000,1.000,-0.000
A03/RackSlot2,[34508403913515],28.802,23.329,0.023,0.000,0.000,1.000,-0.000
A03/RackSlot17,[34512698880811],29.548,23.329,0.768,0.000,0.000,0.000,1.000
A03/RackSlot6,[34516993848107],28.904,22.708,0.768,0.000,0.000,1.000,-0.000
A03/RackSlot12,[34521288815403],28.904,22.708,2.230,0.000,0.000,1.000,-0.000
A03/RackSlot18,[34525583782699],29.548,22.708,0.768,0.000,0.000,0.000,1.000
A03/RackSlot15,[34529878749995],29.624,22.708,0.023,0.000,0.000,0.000,1.000
A03/RackSlot1,[34534173717291],28.802,23.949,0.023,0.000,0.000,1.000,-0.000
A03/RackSlot23,[34538468684587],29.548,23.329,2.230,0.000,0.000,0.000,1.000
A03/RackSlot22,[34542763651883],29.548,23.949,2.230,0.000,0.000,0.000,1.000
A03/RackSlot8,[34547058619179],28.904,23.329,1.494,0.000,0.000,1.000,-0.000
A03/RackSlot4,[34551353586475],28.904,23.949,0.768,0.000,0.000,1.000,-0.000
A03/RackSlot10,[34555648553771],28.904,23.949,2.230,0.000,0.000,1.000,-0.000
A03/RackSlot16,[34559943521067],29.548,23.949,0.768,0.000,0.000,0.000,1.000
A03/RackSlot9,[34564238488363],28.904,22.708,1.494,0.000,0.000,1.000,-0.000
A03/RackSlot11,[34568533455659],28.904,23.329,2.230,0.000,0.000,1.000,-0.000
A03/RackSlot5,[34572828422955],28.904,23.329,0.768,0.000,0.000,1.000,-0.000
A03/RackSlot13,[34577123390251],29.624,23.949,0.023,0.000,0.000,0.000,1.000
A03/RackSlot7,[34581418357547],28.904,23.949,1.494,0.000,0.000,1.000,-0.000
A02/RackSlot14,[34602893194027],29.624,25.583,0.023,0.000,0.000,0.000,1.000
A02/RackSlot10,[34607188161323],28.904,26.203,2.230,0.000,0.000,1.000,-0.000
A02/RackSlot9,[34611483128619],28.904,24.962,1.494,0.000,0.000,1.000,-0.000
A02/RackSlot4,[34615778095915],28.904,26.203,0.768,0.000,0.000,1.000,-0.000
A02/RackSlot22,[34620073063211],29.548,26.203,2.230,0.000,0.000,0.000,1.000
A02/RackSlot5,[34624368030507],28.904,25.583,0.768,0.000,0.000,1.000,-0.000
A02/RackSlot2,[34628662997803],28.802,25.583,0.023,0.000,0.000,1.000,-0.000
A02/RackSlot3,[34632957965099],28.802,24.962,0.023,0.000,0.000,1.000,-0.000
A02/RackSlot19,[34637252932395],29.548,26.203,1.494,0.000,0.000,0.000,1.000
A02/RackSlot16,[34641547899691],29.548,26.203,0.768,0.000,0.000,0.000,1.000
A02/RackSlot6,[34645842866987],28.904,24.962,0.768,0.000,0.000,1.000,-0.000
A02/RackSlot1,[34650137834283],28.802,26.203,0.023,0.000,0.000,1.000,-0.000
A02/RackSlot11,[34654432801579],28.904,25.583,2.230,0.000,0.000,1.000,-0.000
A02/RackSlot17,[34658727768875],29.548,25.583,0.768,0.000,0.000,0.000,1.000
A02/RackSlot20,[34663022736171],29.548,25.583,1.494,0.000,0.000,0.000,1.000
A02/RackSlot12,[34667317703467],28.904,24.962,2.230,0.000,0.000,1.000,-0.000
A02/RackSlot18,[34671612670763],29.548,24.962,0.768,0.000,0.000,0.000,1.000
A02/RackSlot21,[34675907638059],29.548,24.962,1.494,0.000,0.000,0.000,1.000
A02/RackSlot23,[34680202605355],29.548,25.583,2.230,0.000,0.000,0.000,1.000
A02/RackSlot7,[34684497572651],28.904,26.203,1.494,0.000,0.000,1.000,-0.000
A02/RackSlot24,[34688792539947],29.548,24.962,2.230,0.000,0.000,0.000,1.000
A02/RackSlot15,[34693087507243],29.624,24.962,0.023,0.000,0.000,0.000,1.000
A02/RackSlot13,[34697382474539],29.624,26.203,0.023,0.000,0.000,0.000,1.000
A02/RackSlot8,[34701677441835],28.904,25.583,1.494,0.000,0.000,1.000,-0.000
A01/RackSlot24,[34705972409131],29.548,27.212,2.230,0.000,0.000,0.000,1.000
A01/RackSlot14,[34710267376427],29.624,27.834,0.023,0.000,0.000,0.000,1.000
A01/RackSlot20,[34714562343723],29.548,27.834,1.494,0.000,0.000,0.000,1.000
A01/RackSlot21,[34718857311019],29.548,27.212,1.494,0.000,0.000,0.000,1.000
A01/RackSlot19,[34723152278315],29.548,28.454,1.494,0.000,0.000,0.000,1.000
A01/RackSlot3,[34727447245611],28.802,27.212,0.023,0.000,0.000,1.000,-0.000
A01/RackSlot2,[34731742212907],28.802,27.834,0.023,0.000,0.000,1.000,-0.000
A01/RackSlot17,[34736037180203],29.548,27.834,0.768,0.000,0.000,0.000,1.000
A01/RackSlot6,[34740332147499],28.904,27.212,0.768,0.000,0.000,1.000,-0.000
A01/RackSlot12,[34744627114795],28.904,27.212,2.230,0.000,0.000,1.000,-0.000
A01/RackSlot18,[34748922082091],29.548,27.212,0.768,0.000,0.000,0.000,1.000
A01/RackSlot15,[34753217049387],29.624,27.212,0.023,0.000,0.000,0.000,1.000
A01/RackSlot1,[34757512016683],28.802,28.454,0.023,0.000,0.000,1.000,-0.000
A01/RackSlot23,[34761806983979],29.548,27.834,2.230,0.000,0.000,0.000,1.000
A01/RackSlot22,[34766101951275],29.548,28.454,2.230,0.000,0.000,0.000,1.000
A01/RackSlot8,[34770396918571],28.904,27.834,1.494,0.000,0.000,1.000,-0.000
A01/RackSlot4,[34774691885867],28.904,28.454,0.768,0.000,0.000,1.000,-0.000
A01/RackSlot10,[34778986853163],28.904,28.454,2.230,0.000,0.000,1.000,-0.000
A01/RackSlot16,[34783281820459],29.548,28.454,0.768,0.000,0.000,0.000,1.000
A01/RackSlot9,[34787576787755],28.904,27.212,1.494,0.000,0.000,1.000,-0.000
A01/RackSlot11,[34791871755051],28.904,27.834,2.230,0.000,0.000,1.000,-0.000
A01/RackSlot5,[34796166722347],28.904,27.834,0.768,0.000,0.000,1.000,-0.000
A01/RackSlot13,[34800461689643],29.624,28.454,0.023,0.000,0.000,0.000,1.000
A01/RackSlot7,[34804756656939],28.904,28.454,1.494,0.000,0.000,1.000,-0.000
G04/RackSlot14,[34821936526123],29.624,6.924,0.023,0.000,0.000,0.000,1.000
G04/RackSlot10,[34826231493419],28.904,7.544,2.230,0.000,0.000,1.000,-0.000
G04/RackSlot9,[34830526460715],28.904,6.303,1.494,0.000,0.000,1.000,-0.000
G04/RackSlot4,[34834821428011],28.904,7.544,0.768,0.000,0.000,1.000,-0.000
G04/RackSlot22,[34839116395307],29.548,7.544,2.230,0.000,0.000,0.000,1.000
G04/RackSlot5,[34843411362603],28.904,6.924,0.768,0.000,0.000,1.000,-0.000
G04/RackSlot2,[34847706329899],28.802,6.924,0.023,0.000,0.000,1.000,-0.000
G04/RackSlot3,[34852001297195],28.802,6.303,0.023,0.000,0.000,1.000,-0.000
G04/RackSlot19,[34856296264491],29.548,7.544,1.494,0.000,0.000,0.000,1.000
G04/RackSlot16,[34860591231787],29.548,7.544,0.768,0.000,0.000,0.000,1.000
G04/RackSlot6,[34864886199083],28.904,6.303,0.768,0.000,0.000,1.000,-0.000
G04/RackSlot1,[34869181166379],28.802,7.544,0.023,0.000,0.000,1.000,-0.000
G04/RackSlot11,[34873476133675],28.904,6.924,2.230,0.000,0.000,1.000,-0.000
G04/RackSlot17,[34877771100971],29.548,6.924,0.768,0.000,0.000,0.000,1.000
G04/RackSlot20,[34882066068267],29.548,6.924,1.494,0.000,0.000,0.000,1.000
G04/RackSlot12,[34886361035563],28.904,6.303,2.230,0.000,0.000,1.000,-0.000
G04/RackSlot18,[34890656002859],29.548,6.303,0.768,0.000,0.000,0.000,1.000
G04/RackSlot21,[34894950970155],29.548,6.303,1.494,0.000,0.000,0.000,1.000
G04/RackSlot23,[34899245937451],29.548,6.924,2.230,0.000,0.000,0.000,1.000
G04/RackSlot7,[34903540904747],28.904,7.544,1.494,0.000,0.000,1.000,-0.000
G04/RackSlot24,[34907835872043],29.548,6.303,2.230,0.000,0.000,0.000,1.000
G04/RackSlot15,[34912130839339],29.624,6.303,0.023,0.000,0.000,0.000,1.000
G04/RackSlot13,[34916425806635],29.624,7.544,0.023,0.000,0.000,0.000,1.000
G04/RackSlot8,[34920720773931],28.904,6.924,1.494,0.000,0.000,1.000,-0.000
G03/RackSlot24,[34925015741227],29.548,8.553,2.230,0.000,0.000,0.000,1.000
G03/RackSlot14,[34929310708523],29.624,9.174,0.023,0.000,0.000,0.000,1.000
G03/RackSlot20,[34933605675819],29.548,9.174,1.494,0.000,0.000,0.000,1.000
G03/RackSlot21,[34937900643115],29.548,8.553,1.494,0.000,0.000,0.000,1.000
G03/RackSlot19,[34942195610411],29.548,9.794,1.494,0.000,0.000,0.000,1.000
G03/RackSlot3,[34946490577707],28.802,8.553,0.023,0.000,0.000,1.000,-0.000
G03/RackSlot2,[34950785545003],28.802,9.174,0.023,0.000,0.000,1.000,-0.000
G03/RackSlot17,[34955080512299],29.548,9.174,0.768,0.000,0.000,0.000,1.000
G03/RackSlot6,[34959375479595],28.904,8.553,0.768,0.000,0.000,1.000,-0.000
G03/RackSlot12,[34963670446891],28.904,8.553,2.230,0.000,0.000,1.000,-0.000
G03/RackSlot18,[34967965414187],29.548,8.553,0.768,0.000,0.000,0.000,1.000
G03/RackSlot15,[34972260381483],29.624,8.553,0.023,0.000,0.000,0.000,1.000
G03/RackSlot1,[34976555348779],28.802,9.794,0.023,0.000,0.000,1.000,-0.000
G03/RackSlot23,[34980850316075],29.548,9.174,2.230,0.000,0.000,0.000,1.000
G03/RackSlot22,[34985145283371],29.548,9.794,2.230,0.000,0.000,0.000,1.000
G03/RackSlot8,[34989440250667],28.904,9.174,1.494,0.000,0.000,1.000,-0.000
G03/RackSlot4,[34993735217963],28.904,9.794,0.768,0.000,0.000,1.000,-0.000
G03/RackSlot10,[34998030185259],28.904,9.794,2.230,0.000,0.000,1.000,-0.000
G03/RackSlot16,[35002325152555],29.548,9.794,0.768,0.000,0.000,0.000,1.000
G03/RackSlot9,[35006620119851],28.904,8.553,1.494,0.000,0.000,1.000,-0.000
G03/RackSlot11,[35010915087147],28.904,9.174,2.230,0.000,0.000,1.000,-0.000
G03/RackSlot5,[35015210054443],28.904,9.174,0.768,0.000,0.000,1.000,-0.000
G03/RackSlot13,[35019505021739],29.624,9.794,0.023,0.000,0.000,0.000,1.000
G03/RackSlot7,[35023799989035],28.904,9.794,1.494,0.000,0.000,1.000,-0.000
I02/RackSlot14,[35049569792811],20.406,3.777,0.023,0.000,0.000,0.000,1.000
I02/RackSlot10,[35053864760107],19.685,4.397,2.230,0.000,0.000,1.000,-0.000
I02/RackSlot9,[35058159727403],19.685,3.156,1.494,0.000,0.000,1.000,-0.000
I02/RackSlot4,[35062454694699],19.685,4.397,0.768,0.000,0.000,1.000,-0.000
I02/RackSlot22,[35066749661995],20.330,4.397,2.230,0.000,0.000,0.000,1.000
I02/RackSlot5,[35071044629291],19.685,3.777,0.768,0.000,0.000,1.000,-0.000
I02/RackSlot2,[35075339596587],19.583,3.777,0.023,0.000,0.000,1.000,-0.000
I02/RackSlot3,[35079634563883],19.583,3.156,0.023,0.000,0.000,1.000,-0.000
I02/RackSlot19,[35083929531179],20.330,4.397,1.494,0.000,0.000,0.000,1.000
I02/RackSlot16,[35088224498475],20.330,4.397,0.768,0.000,0.000,0.000,1.000
I02/RackSlot6,[35092519465771],19.685,3.156,0.768,0.000,0.000,1.000,-0.000
I02/RackSlot1,[35096814433067],19.583,4.397,0.023,0.000,0.000,1.000,-0.000
I02/RackSlot11,[35101109400363],19.685,3.777,2.230,0.000,0.000,1.000,-0.000
I02/RackSlot17,[35105404367659],20.330,3.777,0.768,0.000,0.000,0.000,1.000
I02/RackSlot20,[35109699334955],20.330,3.777,1.494,0.000,0.000,0.000,1.000
I02/RackSlot12,[35113994302251],19.685,3.156,2.230,0.000,0.000,1.000,-0.000
I02/RackSlot18,[35118289269547],20.330,3.156,0.768,0.000,0.000,0.000,1.000
I02/RackSlot21,[35122584236843],20.330,3.156,1.494,0.000,0.000,0.000,1.000
I02/RackSlot23,[35126879204139],20.330,3.777,2.230,0.000,0.000,0.000,1.000
I02/RackSlot7,[35131174171435],19.685,4.397,1.494,0.000,0.000,1.000,-0.000
I02/RackSlot24,[35135469138731],20.330,3.156,2.230,0.000,0.000,0.000,1.000
I02/RackSlot15,[35139764106027],20.406,3.156,0.023,0.000,0.000,0.000,1.000
I02/RackSlot13,[35144059073323],20.406,4.397,0.023,0.000,0.000,0.000,1.000
I02/RackSlot8,[35148354040619],19.685,3.777,1.494,0.000,0.000,1.000,-0.000
I01/RackSlot24,[35152649007915],20.330,5.406,2.230,0.000,0.000,0.000,1.000
I01/RackSlot14,[35156943975211],20.406,6.027,0.023,0.000,0.000,0.000,1.000
I01/RackSlot20,[35161238942507],20.330,6.027,1.494,0.000,0.000,0.000,1.000
I01/RackSlot21,[35165533909803],20.330,5.406,1.494,0.000,0.000,0.000,1.000
I01/RackSlot19,[35169828877099],20.330,6.647,1.494,0.000,0.000,0.000,1.000
I01/RackSlot3,[35174123844395],19.583,5.406,0.023,0.000,0.000,1.000,-0.000
I01/RackSlot2,[35178418811691],19.583,6.027,0.023,0.000,0.000,1.000,-0.000
I01/RackSlot17,[35182713778987],20.330,6.027,0.768,0.000,0.000,0.000,1.000
I01/RackSlot6,[35187008746283],19.685,5.406,0.768,0.000,0.000,1.000,-0.000
I01/RackSlot12,[35191303713579],19.685,5.406,2.230,0.000,0.000,1.000,-0.000
I01/RackSlot18,[35195598680875],20.330,5.406,0.768,0.000,0.000,0.000,1.000
I01/RackSlot15,[35199893648171],20.406,5.406,0.023,0.000,0.000,0.000,1.000
I01/RackSlot1,[35204188615467],19.583,6.647,0.023,0.000,0.000,1.000,-0.000
I01/RackSlot23,[35208483582763],20.330,6.027,2.230,0.000,0.000,0.000,1.000
I01/RackSlot22,[35212778550059],20.330,6.647,2.230,0.000,0.000,0.000,1.000
I01/RackSlot8,[35217073517355],19.685,6.027,1.494,0.000,0.000,1.000,-0.000
I01/RackSlot4,[35221368484651],19.685,6.647,0.768,0.000,0.000,1.000,-0.000
I01/RackSlot10,[35225663451947],19.685,6.647,2.230,0.000,0.000,1.000,-0.000
I01/RackSlot16,[35229958419243],20.330,6.647,0.768,0.000,0.000,0.000,1.000
I01/RackSlot9,[35234253386539],19.685,5.406,1.494,0.000,0.000,1.000,-0.000
I01/RackSlot11,[35238548353835],19.685,6.027,2.230,0.000,0.000,1.000,-0.000
I01/RackSlot5,[35242843321131],19.685,6.027,0.768,0.000,0.000,1.000,-0.000
I01/RackSlot13,[35247138288427],20.406,6.647,0.023,0.000,0.000,0.000,1.000
I01/RackSlot7,[35251433255723],19.685,6.647,1.494,0.000,0.000,1.000,-0.000
B02/RackSlot14,[35272908092203],25.406,22.793,0.023,0.000,0.000,0.000,1.000
B02/RackSlot10,[35277203059499],24.685,23.413,2.230,0.000,0.000,1.000,-0.000
B02/RackSlot9,[35281498026795],24.685,22.172,1.494,0.000,0.000,1.000,-0.000
B02/RackSlot4,[35285792994091],24.685,23.413,0.768,0.000,0.000,1.000,-0.000
B02/RackSlot22,[35290087961387],25.330,23.413,2.230,0.000,0.000,0.000,1.000
B02/RackSlot5,[35294382928683],24.685,22.793,0.768,0.000,0.000,1.000,-0.000
B02/RackSlot2,[35298677895979],24.583,22.793,0.023,0.000,0.000,1.000,-0.000
B02/RackSlot3,[35302972863275],24.583,22.172,0.023,0.000,0.000,1.000,-0.000
B02/RackSlot19,[35307267830571],25.330,23.413,1.494,0.000,0.000,0.000,1.000
B02/RackSlot16,[35311562797867],25.330,23.413,0.768,0.000,0.000,0.000,1.000
B02/RackSlot6,[35315857765163],24.685,22.172,0.768,0.000,0.000,1.000,-0.000
B02/RackSlot1,[35320152732459],24.583,23.413,0.023,0.000,0.000,1.000,-0.000
B02/RackSlot11,[35324447699755],24.685,22.793,2.230,0.000,0.000,1.000,-0.000
B02/RackSlot17,[35328742667051],25.330,22.793,0.768,0.000,0.000,0.000,1.000
B02/RackSlot20,[35333037634347],25.330,22.793,1.494,0.000,0.000,0.000,1.000
B02/RackSlot12,[35337332601643],24.685,22.172,2.230,0.000,0.000,1.000,-0.000
B02/RackSlot18,[35341627568939],25.330,22.172,0.768,0.000,0.000,0.000,1.000
B02/RackSlot21,[35345922536235],25.330,22.172,1.494,0.000,0.000,0.000,1.000
B02/RackSlot23,[35350217503531],25.330,22.793,2.230,0.000,0.000,0.000,1.000
B02/RackSlot7,[35354512470827],24.685,23.413,1.494,0.000,0.000,1.000,-0.000
B02/RackSlot24,[35358807438123],25.330,22.172,2.230,0.000,0.000,0.000,1.000
B02/RackSlot15,[35363102405419],25.406,22.172,0.023,0.000,0.000,0.000,1.000
B02/RackSlot13,[35367397372715],25.406,23.413,0.023,0.000,0.000,0.000,1.000
B02/RackSlot8,[35371692340011],24.685,22.793,1.494,0.000,0.000,1.000,-0.000
B01/RackSlot24,[35375987307307],25.330,24.422,2.230,0.000,0.000,0.000,1.000
B01/RackSlot14,[35380282274603],25.406,25.043,0.023,0.000,0.000,0.000,1.000
B01/RackSlot20,[35384577241899],25.330,25.043,1.494,0.000,0.000,0.000,1.000
B01/RackSlot21,[35388872209195],25.330,24.422,1.494,0.000,0.000,0.000,1.000
B01/RackSlot19,[35393167176491],25.330,25.663,1.494,0.000,0.000,0.000,1.000
B01/RackSlot3,[35397462143787],24.583,24.422,0.023,0.000,0.000,1.000,-0.000
B01/RackSlot2,[35401757111083],24.583,25.043,0.023,0.000,0.000,1.000,-0.000
B01/RackSlot17,[35406052078379],25.330,25.043,0.768,0.000,0.000,0.000,1.000
B01/RackSlot6,[35410347045675],24.685,24.422,0.768,0.000,0.000,1.000,-0.000
B01/RackSlot12,[35414642012971],24.685,24.422,2.230,0.000,0.000,1.000,-0.000
B01/RackSlot18,[35418936980267],25.330,24.422,0.768,0.000,0.000,0.000,1.000
B01/RackSlot15,[35423231947563],25.406,24.422,0.023,0.000,0.000,0.000,1.000
B01/RackSlot1,[35427526914859],24.583,25.663,0.023,0.000,0.000,1.000,-0.000
B01/RackSlot23,[35431821882155],25.330,25.043,2.230,0.000,0.000,0.000,1.000
B01/RackSlot22,[35436116849451],25.330,25.663,2.230,0.000,0.000,0.000,1.000
B01/RackSlot8,[35440411816747],24.685,25.043,1.494,0.000,0.000,1.000,-0.000
B01/RackSlot4,[35444706784043],24.685,25.663,0.768,0.000,0.000,1.000,-0.000
B01/RackSlot10,[35449001751339],24.685,25.663,2.230,0.000,0.000,1.000,-0.000
B01/RackSlot16,[35453296718635],25.330,25.663,0.768,0.000,0.000,0.000,1.000
B01/RackSlot9,[35457591685931],24.685,24.422,1.494,0.000,0.000,1.000,-0.000
B01/RackSlot11,[35461886653227],24.685,25.043,2.230,0.000,0.000,1.000,-0.000
B01/RackSlot5,[35466181620523],24.685,25.043,0.768,0.000,0.000,1.000,-0.000
B01/RackSlot13,[35470476587819],25.406,25.663,0.023,0.000,0.000,0.000,1.000
B01/RackSlot7,[35474771555115],24.685,25.663,1.494,0.000,0.000,1.000,-0.000
B04/RackSlot14,[35496246391595],25.406,18.283,0.023,0.000,0.000,0.000,1.000
B04/RackSlot10,[35500541358891],24.685,18.903,2.230,0.000,0.000,1.000,-0.000
B04/RackSlot9,[35504836326187],24.685,17.662,1.494,0.000,0.000,1.000,-0.000
B04/RackSlot4,[35509131293483],24.685,18.903,0.768,0.000,0.000,1.000,-0.000
B04/RackSlot22,[35513426260779],25.330,18.903,2.230,0.000,0.000,0.000,1.000
B04/RackSlot5,[35517721228075],24.685,18.283,0.768,0.000,0.000,1.000,-0.000
B04/RackSlot2,[35522016195371],24.583,18.283,0.023,0.000,0.000,1.000,-0.000
B04/RackSlot3,[35526311162667],24.583,17.662,0.023,0.000,0.000,1.000,-0.000
B04/RackSlot19,[35530606129963],25.330,18.903,1.494,0.000,0.000,0.000,1.000
B04/RackSlot16,[35534901097259],25.330,18.903,0.768,0.000,0.000,0.000,1.000
B04/RackSlot6,[35539196064555],24.685,17.662,0.768,0.000,0.000,1.000,-0.000
B04/RackSlot1,[35543491031851],24.583,18.903,0.023,0.000,0.000,1.000,-0.000
B04/RackSlot11,[35547785999147],24.685,18.283,2.230,0.000,0.000,1.000,-0.000
B04/RackSlot17,[35552080966443],25.330,18.283,0.768,0.000,0.000,0.000,1.000
B04/RackSlot20,[35556375933739],25.330,18.283,1.494,0.000,0.000,0.000,1.000
B04/RackSlot12,[35560670901035],24.685,17.662,2.230,0.000,0.000,1.000,-0.000
B04/RackSlot18,[35564965868331],25.330,17.662,0.768,0.000,0.000,0.000,1.000
B04/RackSlot21,[35569260835627],25.330,17.662,1.494,0.000,0.000,0.000,1.000
B04/RackSlot23,[35573555802923],25.330,18.283,2.230,0.000,0.000,0.000,1.000
B04/RackSlot7,[35577850770219],24.685,18.903,1.494,0.000,0.000,1.000,-0.000
B04/RackSlot24,[35582145737515],25.330,17.662,2.230,0.000,0.000,0.000,1.000
B04/RackSlot15,[35586440704811],25.406,17.662,0.023,0.000,0.000,0.000,1.000
B04/RackSlot13,[35590735672107],25.406,18.903,0.023,0.000,0.000,0.000,1.000
B04/RackSlot8,[35595030639403],24.685,18.283,1.494,0.000,0.000,1.000,-0.000
B03/RackSlot24,[35599325606699],25.330,19.912,2.230,0.000,0.000,0.000,1.000
B03/RackSlot14,[35603620573995],25.406,20.534,0.023,0.000,0.000,0.000,1.000
B03/RackSlot20,[35607915541291],25.330,20.534,1.494,0.000,0.000,0.000,1.000
B03/RackSlot21,[35612210508587],25.330,19.912,1.494,0.000,0.000,0.000,1.000
B03/RackSlot19,[35616505475883],25.330,21.153,1.494,0.000,0.000,0.000,1.000
B03/RackSlot3,[35620800443179],24.583,19.912,0.023,0.000,0.000,1.000,-0.000
B03/RackSlot2,[35625095410475],24.583,20.534,0.023,0.000,0.000,1.000,-0.000
B03/RackSlot17,[35629390377771],25.330,20.534,0.768,0.000,0.000,0.000,1.000
B03/RackSlot6,[35633685345067],24.685,19.912,0.768,0.000,0.000,1.000,-0.000
B03/RackSlot12,[35637980312363],24.685,19.912,2.230,0.000,0.000,1.000,-0.000
B03/RackSlot18,[35642275279659],25.330,19.912,0.768,0.000,0.000,0.000,1.000
B03/RackSlot15,[35646570246955],25.406,19.912,0.023,0.000,0.000,0.000,1.000
B03/RackSlot1,[35650865214251],24.583,21.153,0.023,0.000,0.000,1.000,-0.000
B03/RackSlot23,[35655160181547],25.330,20.534,2.230,0.000,0.000,0.000,1.000
B03/RackSlot22,[35659455148843],25.330,21.153,2.230,0.000,0.000,0.000,1.000
B03/RackSlot8,[35663750116139],24.685,20.534,1.494,0.000,0.000,1.000,-0.000
B03/RackSlot4,[35668045083435],24.685,21.153,0.768,0.000,0.000,1.000,-0.000
B03/RackSlot10,[35672340050731],24.685,21.153,2.230,0.000,0.000,1.000,-0.000
B03/RackSlot16,[35676635018027],25.330,21.153,0.768,0.000,0.000,0.000,1.000
B03/RackSlot9,[35680929985323],24.685,19.912,1.494,0.000,0.000,1.000,-0.000
B03/RackSlot11,[35685224952619],24.685,20.534,2.230,0.000,0.000,1.000,-0.000
B03/RackSlot5,[35689519919915],24.685,20.534,0.768,0.000,0.000,1.000,-0.000
B03/RackSlot13,[35693814887211],25.406,21.153,0.023,0.000,0.000,0.000,1.000
B03/RackSlot7,[35698109854507],24.685,21.153,1.494,0.000,0.000,1.000,-0.000
K02/RackSlot14,[35723879658283],8.223,5.406,0.023,0.000,0.000,0.707,0.707
K02/RackSlot10,[35728174625579],7.603,4.685,2.230,0.000,0.000,0.707,-0.707
K02/RackSlot9,[35732469592875],8.844,4.685,1.494,0.000,0.000,0.707,-0.707
K02/RackSlot4,[35736764560171],7.603,4.685,0.768,0.000,0.000,0.707,-0.707
K02/RackSlot22,[35741059527467],7.603,5.330,2.230,0.000,0.000,0.707,0.707
K02/RackSlot5,[35745354494763],8.223,4.685,0.768,0.000,0.000,0.707,-0.707
K02/RackSlot2,[35749649462059],8.223,4.583,0.023,0.000,0.000,0.707,-0.707
K02/RackSlot3,[35753944429355],8.844,4.583,0.023,0.000,0.000,0.707,-0.707
K02/RackSlot19,[35758239396651],7.603,5.330,1.494,0.000,0.000,0.707,0.707
K02/RackSlot16,[35762534363947],7.603,5.330,0.768,0.000,0.000,0.707,0.707
K02/RackSlot6,[35766829331243],8.844,4.685,0.768,0.000,0.000,0.707,-0.707
K02/RackSlot1,[35771124298539],7.603,4.583,0.023,0.000,0.000,0.707,-0.707
K02/RackSlot11,[35775419265835],8.223,4.685,2.230,0.000,0.000,0.707,-0.707
K02/RackSlot17,[35779714233131],8.223,5.330,0.768,0.000,0.000,0.707,0.707
K02/RackSlot20,[35784009200427],8.223,5.330,1.494,0.000,0.000,0.707,0.707
K02/RackSlot12,[35788304167723],8.844,4.685,2.230,0.000,0.000,0.707,-0.707
K02/RackSlot18,[35792599135019],8.844,5.330,0.768,0.000,0.000,0.707,0.707
K02/RackSlot21,[35796894102315],8.844,5.330,1.494,0.000,0.000,0.707,0.707
K02/RackSlot23,[35801189069611],8.223,5.330,2.230,0.000,0.000,0.707,0.707
K02/RackSlot7,[35805484036907],7.603,4.685,1.494,0.000,0.000,0.707,-0.707
K02/RackSlot24,[35809779004203],8.844,5.330,2.230,0.000,0.000,0.707,0.707
K02/RackSlot15,[35814073971499],8.844,5.406,0.023,0.000,0.000,0.707,0.707
K02/RackSlot13,[35818368938795],7.603,5.406,0.023,0.000,0.000,0.707,0.707
K02/RackSlot8,[35822663906091],8.223,4.685,1.494,0.000,0.000,0.707,-0.707
K01/RackSlot24,[35826958873387],6.594,5.330,2.230,0.000,0.000,0.707,0.707
K01/RackSlot14,[35831253840683],5.973,5.406,0.023,0.000,0.000,0.707,0.707
K01/RackSlot20,[35835548807979],5.973,5.330,1.494,0.000,0.000,0.707,0.707
K01/RackSlot21,[35839843775275],6.594,5.330,1.494,0.000,0.000,0.707,0.707
K01/RackSlot19,[35844138742571],5.353,5.330,1.494,0.000,0.000,0.707,0.707
K01/RackSlot3,[35848433709867],6.594,4.583,0.023,0.000,0.000,0.707,-0.707
K01/RackSlot2,[35852728677163],5.973,4.583,0.023,0.000,0.000,0.707,-0.707
K01/RackSlot17,[35857023644459],5.973,5.330,0.768,0.000,0.000,0.707,0.707
K01/RackSlot6,[35861318611755],6.594,4.685,0.768,0.000,0.000,0.707,-0.707
K01/RackSlot12,[35865613579051],6.594,4.685,2.230,0.000,0.000,0.707,-0.707
K01/RackSlot18,[35869908546347],6.594,5.330,0.768,0.000,0.000,0.707,0.707
K01/RackSlot15,[35874203513643],6.594,5.406,0.023,0.000,0.000,0.707,0.707
K01/RackSlot1,[35878498480939],5.353,4.583,0.023,0.000,0.000,0.707,-0.707
K01/RackSlot23,[35882793448235],5.973,5.330,2.230,0.000,0.000,0.707,0.707
K01/RackSlot22,[35887088415531],5.353,5.330,2.230,0.000,0.000,0.707,0.707
K01/RackSlot8,[35891383382827],5.973,4.685,1.494,0.000,0.000,0.707,-0.707
K01/RackSlot4,[35895678350123],5.353,4.685,0.768,0.000,0.000,0.707,-0.707
K01/RackSlot10,[35899973317419],5.353,4.685,2.230,0.000,0.000,0.707,-0.707
K01/RackSlot16,[35904268284715],5.353,5.330,0.768,0.000,0.000,0.707,0.707
K01/RackSlot9,[35908563252011],6.594,4.685,1.494,0.000,0.000,0.707,-0.707
K01/RackSlot11,[35912858219307],5.973,4.685,2.230,0.000,0.000,0.707,-0.707
K01/RackSlot5,[35917153186603],5.973,4.685,0.768,0.000,0.000,0.707,-0.707
K01/RackSlot13,[35921448153899],5.353,5.406,0.023,0.000,0.000,0.707,0.707
K01/RackSlot7,[35925743121195],5.353,4.685,1.494,0.000,0.000,0.707,-0.707
